Contrasts	Context
l ʁ	['p,ɛ', 'e,e', 'k,a', 'ɔ,i', 'a,ɡ', 'i,i', 'u,ə', 'ɔ,ɔ', 'œ,o', 'p,e', 'b,ɛ', 'ɔ,t', 'f,a', 'a,f', 'i,ɛ', 'ɔ,d', 'b,d', 'a,p', 'b,i', 'ə,ə', 'ɛ,ɔ', 'u,v', 'a,s', 't,i', 'i,a', 'a,ə', 'a,e', 'i,k', 'e,ɔ', 'ɡ,ɔ', 'ɛ,p', 'u,ɛ', 'i,b', 't,ə', 's,a', 'b,p', 't,o', 'ɡ,a', 'b,ɔ', 'b,ø', 'ɡ,i', 'a,d', 'ɛ,i', 'œ,d', 'i,e', 'f,e', 'i,v', 'a,o', 'ɛ,ʒ', 'ɡ,ə', 'o,ə', 'i,s', 'ə,ɛ', 'ə,o', 'ɛ,ɛ', 'ɛ,d', 'd,a', 'p,ɔ', 'a,ɛ', 'ɛ,t', 'œ,p', 'o,i', 'e,ə', 'ə,i', 'u,e', 'u,a', 'k,e', 'ə,a', 'ɛ,k', 'ɔ,ɛ', 'i,d', 'a,k', 'ɔ,e', 'œ,ɛ', 'ɛ,a', 'b,e', 'e,a', 'e,i', 'i,p', 'ɡ,ɛ', 'ɛ,f', 'ə,ɔ', 'œ,f', 'ə,e', 'b,ə', 'ɛ,ə', 'ɛ,œ', 'ɔ,a', 'a,ɔ', 'k,ɛ', 'i,ə', 'ɛ,o', 'e,ɛ', 'k,i', 'f,ɛ', 'a,i', 'ɛ,e', 'p,i', 'b,a', 'a,a', 'p,a', 'a,t', 'b,k', 'ɛ,s', 'ɛ,œ̃']
ʁ l	['p,ɛ', 'e,e', 'k,a', 'ɔ,i', 'a,ɡ', 'i,i', 'u,ə', 'ɔ,ɔ', 'œ,o', 'p,e', 'b,ɛ', 'ɔ,t', 'f,a', 'a,f', 'i,ɛ', 'ɔ,d', 'b,d', 'a,p', 'b,i', 'ə,ə', 'ɛ,ɔ', 'u,v', 'a,s', 't,i', 'i,a', 'a,ə', 'a,e', 'i,k', 'e,ɔ', 'ɡ,ɔ', 'ɛ,p', 'u,ɛ', 'i,b', 't,ə', 's,a', 'b,p', 't,o', 'ɡ,a', 'b,ɔ', 'b,ø', 'ɡ,i', 'a,d', 'ɛ,i', 'œ,d', 'i,e', 'f,e', 'i,v', 'a,o', 'ɛ,ʒ', 'ɡ,ə', 'o,ə', 'i,s', 'ə,ɛ', 'ə,o', 'ɛ,ɛ', 'ɛ,d', 'd,a', 'p,ɔ', 'a,ɛ', 'ɛ,t', 'œ,p', 'o,i', 'e,ə', 'ə,i', 'u,e', 'u,a', 'k,e', 'ə,a', 'ɛ,k', 'ɔ,ɛ', 'i,d', 'a,k', 'ɔ,e', 'œ,ɛ', 'ɛ,a', 'b,e', 'e,a', 'e,i', 'i,p', 'ɡ,ɛ', 'ɛ,f', 'ə,ɔ', 'œ,f', 'ə,e', 'b,ə', 'ɛ,ə', 'ɛ,œ', 'ɔ,a', 'a,ɔ', 'k,ɛ', 'i,ə', 'ɛ,o', 'e,ɛ', 'k,i', 'f,ɛ', 'a,i', 'ɛ,e', 'p,i', 'b,a', 'a,a', 'p,a', 'a,t', 'b,k', 'ɛ,s', 'ɛ,œ̃']
a j	['p,ɛ', 't,ɛ', 'p,e', 'i,ɛ', 's,a', 's,ɛ', 'ɛ,ɛ', 'ɛ,d', 'ɛ,k', 'i,d', 'ɛ,a', 'a,t']
a l	['p,ɛ', 'p,e', 'i,ɡ', 'i,ɛ', 'b,d', 'u,v', 'ɛ,b', 'i,a', 'i,k', 'ɛ,p', 's,a', 'a,d', 'k,d', 'i,v', 'i,s', 'ɛ,ɛ', 'ɛ,d', 'i,t', 'ɛ,t', 'p,d', 'b,s', 'ɛ,k', 'i,d', 'ɛ,a', 'e,v', 'i,p', 'e,ɛ', 'p,a', 'a,t', 'ɛ,s']
a ʁ	['p,ɛ', 't,ɛ', 'p,e', 'b,t', 'u,d', 'i,ɛ', 'b,d', 'u,p', 'd,p', 'd,s', 'u,v', 'a,s', 'ɛ,b', 'i,a', 't,ʒ', 'i,k', 't,v', 'ɛ,p', 's,a', 'a,d', 't,d', 't,b', 'k,d', 'i,v', 'ɛ,ʒ', 't,ʃ', 'i,s', 'u,k', 'ɛ,ɛ', 'ɛ,d', 't,s', 'i,t', 'ɛ,t', 'v,i', 'd,d', 'a,b', 'ɛ,k', 'i,d', 'a,k', 'ɛ,a', 'u,b', 'v,ɡ', 'a,v', 'i,p', 't,k', 'ɛ,v', 'd,k', 'v,k', 't,p', 'e,ɛ', 'ɛ,ʃ', 'p,a', 'a,t', 'ɛ,s']
j l	['p,ɛ', 'p,e', 'i,ɛ', 'ʒ,a', 'ɛ,ɔ', 'i,a', 'a,e', 'v,ɔ', 's,a', 'a,d', 'ɛ,i', 'œ,d', 'i,e', 'f,e', 'ɛ,ɛ', 'ɛ,d', 'a,ɛ', 'a,œ', 'u,a', 'k,e', 'ɛ,k', 'i,d', 'ɛ,a', 'ɛ,œ', 'k,ɛ', 'a,i', 'ɛ,e', 'b,a', 'a,a', 'a,t']
j ʁ	['p,ɛ', 'œ,a', 't,ɛ', 'p,e', 't,e', 'v,a', 'i,ɛ', 'ɛ,ɔ', 'i,a', 'a,e', 's,e', 'a,d', 'ɛ,i', 'œ,d', 'i,e', 'd,e', 'f,e', 's,ɛ', 'v,ɛ', 'u,k', 'ɛ,ɛ', 'ɛ,d', 'd,a', 'a,ɛ', 'u,e', 'u,a', 'k,e', 'ɛ,k', 'i,d', 'ɛ,a', 't,ɔ', 'k,ɛ', 'œ,e', 'f,ɛ', 'a,i', 'ɛ,e', 'b,a', 'a,a', 'a,t', 'œ,s']
l j	['p,ɛ', 'p,e', 'i,ɛ', 'ʒ,a', 'ɛ,ɔ', 'i,a', 'a,e', 'v,ɔ', 's,a', 'a,d', 'ɛ,i', 'œ,d', 'i,e', 'f,e', 'ɛ,ɛ', 'ɛ,d', 'a,ɛ', 'a,œ', 'u,a', 'k,e', 'ɛ,k', 'i,d', 'ɛ,a', 'ɛ,œ', 'k,ɛ', 'a,i', 'ɛ,e', 'b,a', 'a,a', 'a,t']
ø j	['p,ɛ', 'd,ɔ', 'd,a']
ø l	['p,ɛ', 'd,a', 'p,d', 'p,a']
ø ʁ	['p,ɛ', 'd,p', 't,a', 'd,a', 'd,i', 'd,k', 'p,a']
ʁ j	['p,ɛ', 'œ,a', 't,ɛ', 'p,e', 't,e', 'v,a', 'i,ɛ', 'ɛ,ɔ', 'i,a', 'a,e', 's,e', 'a,d', 'ɛ,i', 'œ,d', 'i,e', 'd,e', 'f,e', 's,ɛ', 'v,ɛ', 'u,k', 'ɛ,ɛ', 'ɛ,d', 'd,a', 'a,ɛ', 'u,e', 'u,a', 'k,e', 'ɛ,k', 'i,d', 'ɛ,a', 't,ɔ', 'k,ɛ', 'œ,e', 'f,ɛ', 'a,i', 'ɛ,e', 'b,a', 'a,a', 'a,t', 'œ,s']
t l	['k,a', 'ɔ,i', 'i,i', 'ɔ,ɔ', 'k,ə', 'i,ɛ', 'ɔ,d', 'ə,ə', 'ɛ,ɔ', 'a,s', 'e,a', 'i,a', 'a,e', 'i,k', 'e,ɔ', 'ɛ,p', 'u,ɛ', 's,a', 'a,d', 'ɛ,i', 'i,e', 'i,v', 'a,o', 'ɛ,ʒ', 'i,s', 'ə,ɛ', 'ɛ,ɛ', 'ɛ,d', 'i,t', 'a,ɛ', 'a,œ', 'o,i', 'ə,i', 'u,e', 'u,a', 'k,e', 'ə,a', 'ɛ,k', 'ɔ,ɛ', 'i,d', 'ɔ,e', 'u,u', 'ɛ,a', 'i,p', 'e,i', 'ɛ,f', 'ə,e', 'ɛ,œ', 'ɔ,a', 's,i', 'a,ɔ', 'k,ɛ', 'i,u', 'ɛ,o', 'e,ɛ', 'k,i', 'a,i', 'ɛ,e', 'p,i', 'e,e', 'a,a', 'ɛ,u', 'ɛ,s', 'i,f']
t ʁ	['k,a', 'ɔ,i', 'i,i', 't,ɛ', 'ɔ,ɔ', 'ə,u', 'p,e', 'u,d', 'k,ə', 'a,f', 'i,ɛ', 'o,ɛ', 'ɔ,d', 'u,p', 'ə,ə', 'ɛ,ɔ', 'a,s', 'u,s', 'a,u', 'ɛ,b', 'i,a', 'u,ø', 'a,e', 'i,k', 'e,ɔ', 'ɛ,p', 'u,ɛ', 's,e', 's,a', 'e,u', 'a,d', 'ɛ,i', 'i,e', 'i,o', 's,ɛ', 'ə,ɛ', 'ɛ,ɛ', 'ɛ,d', 'a,ɛ', 'ø,ɛ', 'ɛ,t', 'o,i', 'ə,i', 'u,e', 'u,a', 'k,e', 'a,b', 'ə,a', 'ɛ,k', 'ɔ,ɛ', 'i,d', 'ɔ,e', 'ɛ,a', 'e,a', 'e,i', 'ɛ,f', 'ə,ɔ', 'ə,e', 'ɛ,œ', 'ɛ,v', 'ɔ,a', 'a,ɔ', 'k,ɔ', 'ɛ,o', 'e,ɛ', 'k,i', 'ɛ,ʃ', 'a,i', 'ɛ,e', 'p,i', 'e,e', 'a,a', 'ɛ,u', 'ɛ,s']
y l	['f,a', 'ɡ,i', 'p,d', 'b,s', 's,i', 'p,i']
y ʁ	['t,ɛ', 't,e', 'f,a', 'd,p', 'd,s', 'd,f', 'u,s', 't,d', 't,ø', 't,t', 't,a', 'v,d', 't,s', 'd,a', 'd,i', 'd,d', 'a,b', 'd,k', 't,p', 'k,i', 'f,i', 'p,i']
ɔ ʁ	['p,ɛ', 'ɛ,p', 'i,b', 't,d', 't,b', 't,k', 'd,k', 'v,k', 't,p']
f l	['k,a', 'ɔ,i', 'i,i', 'u,ə', 'i,ɛ', 'ə,ə', 'ɛ,ɔ', 'e,a', 'i,a', 'i,k', 'e,ɔ', 'u,ɛ', 'i,e', 'ə,ɛ', 'ə,œ', 'ə,o', 'ɛ,ɛ', 'ɛ,d', 'a,ɛ', 'ə,i', 'ə,a', 'ɔ,ɛ', 'ɛ,a', 'e,i', 'i,ɔ', 'ə,ɔ', 'a,ɔ', 'i,ə', 'e,ɛ', 'a,i', 'a,a']
f ʁ	['k,a', 'ɔ,i', 'i,i', 'u,ə', 'ə,u', 'e,ɛ', 'i,ɛ', 'o,ɛ', 'ə,ə', 'ɛ,ɔ', 'e,a', 'i,a', 'i,k', 'e,ɔ', 'u,ɛ', 's,a', 'i,e', 'u,i', 't,a', 'ə,ɛ', 'ə,o', 'ɛ,ɛ', 'ɛ,d', 'a,ɛ', 'ø,ɛ', 'o,i', 'ə,i', 'ə,a', 'ɔ,ɛ', 'ɛ,a', 'e,i', 'ə,ɔ', 't,ɔ', 'ə,e', 'i,ə', 'a,i', 'a,a']
ɔ l	['p,ɛ', 'i,b', 'i,t']
a ø	['p,ɛ', 'd,t', 'p,s', 'p,k', 's,d', 'p,t', 'd,s', 'p,p', 's,k', 'p,d', 'p,a']
l a	['p,ɛ', 'p,e', 'i,ɡ', 'i,ɛ', 'b,d', 'u,v', 'ɛ,b', 'i,a', 'i,k', 'ɛ,p', 's,a', 'a,d', 'k,d', 'i,v', 'i,s', 'ɛ,ɛ', 'ɛ,d', 'i,t', 'ɛ,t', 'p,d', 'b,s', 'ɛ,k', 'i,d', 'ɛ,a', 'e,v', 'i,p', 'e,ɛ', 'p,a', 'a,t', 'ɛ,s']
l ø	['p,ɛ', 'd,a', 'p,d', 'p,a']
ø a	['p,ɛ', 'd,t', 'p,s', 'p,k', 's,d', 'p,t', 'd,s', 'p,p', 's,k', 'p,d', 'p,a']
ʁ a	['p,ɛ', 't,ɛ', 'p,e', 'b,t', 'u,d', 'i,ɛ', 'b,d', 'u,p', 'd,p', 'd,s', 'u,v', 'a,s', 'ɛ,b', 'i,a', 't,ʒ', 'i,k', 't,v', 'ɛ,p', 's,a', 'a,d', 't,d', 't,b', 'k,d', 'i,v', 'ɛ,ʒ', 't,ʃ', 'i,s', 'u,k', 'ɛ,ɛ', 'ɛ,d', 't,s', 'i,t', 'ɛ,t', 'v,i', 'd,d', 'a,b', 'ɛ,k', 'i,d', 'a,k', 'ɛ,a', 'u,b', 'v,ɡ', 'a,v', 'i,p', 't,k', 'ɛ,v', 'd,k', 'v,k', 't,p', 'e,ɛ', 'ɛ,ʃ', 'p,a', 'a,t', 'ɛ,s']
ʁ ø	['p,ɛ', 'd,p', 't,a', 'd,a', 'd,i', 'd,k', 'p,a']
ɔ a	['p,ɛ', 'p,s', 'p,k', 'b,t', 'k,s', 'p,t', 'e,f', 'ɛ,p', 'z,t', 'k,t', 't,d', 't,b', 'e,d', 'f,s', 's,k', 'i,t', 'e,k', 'v,t', 't,k', 'k,p', 'e,b', 'd,k', 'v,k', 't,p', 'ʃ,k', 's,s']
j a	['p,ɛ', 't,ɛ', 'p,e', 'i,ɛ', 's,a', 's,ɛ', 'ɛ,ɛ', 'ɛ,d', 'ɛ,k', 'i,d', 'ɛ,a', 'a,t']
j ø	['p,ɛ', 'd,ɔ', 'd,a']
l ɔ	['p,ɛ', 'i,b', 'i,t']
ʁ ɔ	['p,ɛ', 'ɛ,p', 'i,b', 't,d', 't,b', 't,k', 'd,k', 'v,k', 't,p']
a ɔ	['p,ɛ', 'p,s', 'p,k', 'b,t', 'k,s', 'p,t', 'e,f', 'ɛ,p', 'z,t', 'k,t', 't,d', 't,b', 'e,d', 'f,s', 's,k', 'i,t', 'e,k', 'v,t', 't,k', 'k,p', 'e,b', 'd,k', 'v,k', 't,p', 'ʃ,k', 's,s']
d s	['d,ə', 'e,e', 'ɔ,i', 'i,i', 'u,ə', 't,ɛ', 'ə,u', 't,e', 'a,ø', 'k,ə', 'ɛ,e', 'i,ɛ', 'e,ø', 'ə,ə', 'ɛ,ɔ', 't,i', 'i,a', 'a,ə', 'ø,ə', 'a,e', 'u,ɛ', 's,e', 't,ə', 'œ̃,ɛ', 'e,u', 'ɛ,i', 'i,e', 'u,i', 'o,ə', 'ə,ɛ', 'ɛ,ɛ', 'a,ɛ', 'o,i', 'e,ə', 'ə,i', 'u,e', 'k,e', 'i,d', 'ɔ,e', 'ɛ,a', 'e,i', 's,ə', 'i,ɔ', 'ə,ɔ', 'ə,e', 'ɛ,ə', 'œ̃,i', 'a,ɔ', 'ʒ,ə', 'i,u', 'i,ə', 'e,ɛ', 'a,i', 'a,a']
k s	['i,i', 'ə,u', 'ɔ,t', 'e,ɛ', 'i,ɛ', 'o,ɛ', 'ə,ə', 'ɛ,ɔ', 'e,a', 't,i', 'a,u', 'i,a', 'œ̃,a', 'a,ə', 'ø,ə', 'a,e', 'i,k', 'e,ɔ', 'ɛ,p', 'u,ɛ', 't,ə', 'e,u', 'a,d', 'ɛ,i', 'i,e', 'o,ə', 'ə,ɛ', 'ɛ,ɛ', 'ɛ,d', 'œ̃,ɔ', 'i,t', 'o,a', 'a,ɛ', 'ɛ,t', 'o,i', 'e,ə', 'ə,i', 'ə,a', 'ɛ,k', 'i,d', 'ɔ,e', 'ɛ,a', 'e,i', 's,ə', 'i,ɔ', 'ə,ɔ', 'ɛ,ə', 'ɛ,v', 'a,ɔ', 'i,ə', 'k,i', 'a,i', 'a,a', 'a,t', 'ɛ,u', 'ɛ,s', 'i,f']
s d	['d,ə', 'e,e', 'ɔ,i', 'i,i', 'u,ə', 't,ɛ', 'ə,u', 't,e', 'a,ø', 'k,ə', 'ɛ,e', 'i,ɛ', 'e,ø', 'ə,ə', 'ɛ,ɔ', 't,i', 'i,a', 'a,ə', 'ø,ə', 'a,e', 'u,ɛ', 's,e', 't,ə', 'œ̃,ɛ', 'e,u', 'ɛ,i', 'i,e', 'u,i', 'o,ə', 'ə,ɛ', 'ɛ,ɛ', 'a,ɛ', 'o,i', 'e,ə', 'ə,i', 'u,e', 'k,e', 'i,d', 'ɔ,e', 'ɛ,a', 'e,i', 's,ə', 'i,ɔ', 'ə,ɔ', 'ə,e', 'ɛ,ə', 'œ̃,i', 'a,ɔ', 'ʒ,ə', 'i,u', 'i,ə', 'e,ɛ', 'a,i', 'a,a']
m s	['e,e', 'ɔ,i', 'i,i', 'u,ə', 't,ɛ', 'ə,u', 't,e', 'ɔ,t', 'e,ɛ', 'i,ɛ', 'o,ɛ', 'a,p', 'ə,ə', 'e,a', 'a,u', 'i,a', 'a,ə', 'a,e', 'ɛ,p', 'a,d', 'ɛ,i', 'i,e', 'i,o', 'o,ə', 't,a', 'ə,ɛ', 'ə,œ', 'ə,o', 'ɛ,ɛ', 'ɛ,d', 'œ̃,ɔ', 'a,ɛ', 'ɛ,t', 'o,i', 'ə,i', 'u,a', 'ə,a', 'ɛ,k', 'ɔ,ɛ', 'i,d', 'a,k', 'ɔ,e', 'ɛ,a', 'e,i', 'i,ɔ', 'ə,ɔ', 't,ɔ', 'ə,e', 'œ̃,i', 'i,ə', 'a,i', 'ɛ,e', 'a,a', 'ɔ,k', 'ɛ,u']
k ʒ	['o,u', 'i,i', 'ə,u', 't,u', 'i,ɛ', 'ə,ə', 'a,s', 'a,u', 'i,a', 'a,ə', 'a,e', 'e,u', 'a,d', 'i,e', 'ə,ɛ', 'a,ɛ', 'e,ə', 'ə,i', 'ə,a', 'ɔ,e', 'u,u', 'ɛ,a', 'œ̃,u', 'e,a', 'e,i', 'ɛ,ə', 'a,ɔ', 'i,ə', 'e,ɛ', 'a,i', 'a,a', 'a,t']
b t	['o,u', 'ɔ,i', 'ə,u', 'a,s', 'e,a', 'a,u', 'i,a', 'ə,ɛ', 'ɛ,ɛ', 'o,a', 'a,ɛ', 'ə,a', 'ɔ,ɛ', 'ɔ,e', 'ɛ,a', 'e,i', 'ə,e', 'ɔ,a', 'a,ɔ', 'i,u', 'a,i', 'a,a']
n t	['o,u', 'e,e', 'ɔ,i', 'i,i', 't,ɛ', 'ɔ,ɔ', 'ə,u', 'i,ɛ', 'ɔ,d', 'ə,ə', 'ɛ,ɔ', 'a,u', 'i,a', 'œ̃,a', 'a,e', 'e,ɔ', 'o,ɔ', 'ɛ,p', 'e,u', 'ɛ,i', 'i,e', 'a,o', 'ə,ɛ', 'ɛ,ɛ', 'ɛ,d', 'a,ɛ', 'ø,ɛ', 'ɛ,t', 'ə,i', 'ə,a', 'ɛ,k', 'ɔ,ɛ', 'ɔ,e', 'ɛ,a', 'e,a', 'e,i', 'ɛ,f', 'ə,ɔ', 'ə,e', 'ɔ,a', 'a,ɔ', 'i,u', 'ɛ,o', 'e,ɛ', 'a,i', 'ɛ,e', 'a,a', 'o,e', 'ɛ,u', 'ɛ,s']
p t	['o,u', 'ɔ,i', 'i,i', 'ə,u', 'u,d', 'i,ɛ', 'ɛ,ɔ', 'e,a', 'a,u', 'i,a', 'a,e', 'e,ɔ', 'u,ɛ', 's,e', 's,a', 'œ̃,ɛ', 'e,u', 'a,d', 'i,e', 'a,o', 's,ɛ', 'ə,ɛ', 's,o', 'ɛ,ɛ', 'o,a', 'a,ɛ', 'a,œ', 'o,i', 'ə,i', 'u,e', 'u,a', 'ə,a', 'ɔ,e', 'u,u', 'ɛ,a', 'e,i', 'ə,ɔ', 'ə,e', 's,u', 's,i', 'a,ɔ', 'i,u', 'e,ɛ', 'a,i', 'ɛ,e', 'e,e', 'a,a', 's,ɔ', 'ɛ,u', 'ɛ,s']
k t	['o,u', 'i,i', 'ə,u', 'i,ɛ', 'ə,ə', 'ɛ,ɔ', 'a,s', 'e,a', 'a,u', 'i,a', 'a,e', 'e,ɔ', 'ɛ,p', 'u,ɛ', 's,a', 'e,u', 'a,d', 'ɛ,i', 'i,e', 's,ɛ', 'i,s', 'ə,ɛ', 'ɛ,ɛ', 'ɛ,d', 'i,t', 'a,ɛ', 'ɛ,t', 'o,i', 'ə,i', 'ə,a', 'i,d', 'ɔ,e', 'u,u', 'ɛ,a', 'e,i', 'ɛ,f', 'ə,ɔ', 'ɛ,v', 'ɔ,a', 's,i', 'a,ɔ', 'i,u', 'e,ɛ', 'k,i', 'ɛ,ʃ', 'a,i', 'a,a', 's,ɔ', 'ɛ,u', 'ɛ,s']
m t	['o,u', 'e,e', 'ɔ,i', 'i,i', 't,ɛ', 'ə,u', 'i,ɛ', 'ɔ,d', 'ə,ə', 'ɛ,ɔ', 'a,s', 'e,a', 'a,u', 'ɛ,b', 'i,a', 'a,e', 'e,ɔ', 'o,ɔ', 'ɛ,p', 'ɛ,i', 'i,e', 'i,o', 's,ɛ', 'i,s', 'ə,ɛ', 'ɛ,ɛ', 'ɛ,d', 'a,ɛ', 'ø,ɛ', 'o,i', 'ə,i', 'u,a', 'ə,a', 'ɛ,k', 'ɔ,ɛ', 'ɔ,e', 'ɛ,a', 'e,i', 'ə,e', 'ɔ,a', 'a,ɔ', 'e,ɛ', 'a,i', 'ɛ,e', 'a,a', 'ɛ,u', 'ɛ,s']
b ʒ	['o,u', 'ɔ,i', 'ə,u', 'ə,ə', 'a,s', 'a,u', 'a,ə', 'e,u', 'ə,ɛ', 'a,ɛ', 'ə,a', 'ɔ,ɛ', 'ɔ,e', 'ɛ,a', 'e,a', 'ə,e', 'a,ɔ', 'a,i', 'a,a']
ʒ k	['o,u', 'i,i', 'ə,u', 't,u', 'e,ɛ', 'i,ɛ', 'ə,ə', 'a,s', 'a,u', 'i,a', 'a,ə', 'a,e', 'e,u', 'a,d', 'i,e', 'ə,ɛ', 'a,ɛ', 'e,ə', 'ə,i', 'ə,a', 'ɔ,e', 'u,u', 'ɛ,a', 'œ̃,u', 'e,a', 'e,i', 'ɛ,ə', 'a,ɔ', 'i,ə', 'a,i', 'a,a', 'a,t']
m ɡ	['o,u', 'ə,u', 'i,a', 'a,ɛ', 'ə,a', 'œ̃,u', 'e,a', 'a,a']
n k	['o,u', 'i,i', 'ə,u', 'i,ɛ', 'ɔ,d', 'ə,ə', 'e,a', 'a,u', 'i,a', 'œ̃,a', 'a,ə', 'a,e', 'e,ɔ', 'o,ɔ', 'ɛ,p', 'e,u', 'ɛ,i', 'i,e', 'ə,ɛ', 'ø,u', 'ə,o', 'ɛ,ɛ', 'ɛ,d', 'a,ɛ', 'ɛ,t', 'v,i', 'e,ə', 'ə,i', 'ə,a', 'ɛ,k', 'ɔ,e', 'u,u', 'ɛ,a', 'e,i', 's,ə', 'e,o', 'ɛ,f', 'ə,ɔ', 'ɛ,ə', 'ɛ,v', 'ɔ,a', 'a,ɔ', 'i,u', 'i,ə', 'e,ɛ', 'a,i', 'a,a', 'ɛ,s']
m k	['o,u', 'i,i', 'ə,u', 'ɔ,t', 'e,ɛ', 'i,ɛ', 'ɔ,d', 'ɔ,s', 'ə,ə', 'ɛ,ɔ', 'a,s', 'e,a', 'a,u', 'i,a', 'a,ə', 'a,e', 'e,ɔ', 'ɛ,p', 'ɛ,i', 'o,ə', 'i,s', 't,a', 'ə,ɛ', 'ə,œ', 'ə,o', 'ɛ,ɛ', 'ɛ,d', 'œ̃,ɔ', 'o,a', 'a,ɛ', 'ɛ,t', 'o,i', 'ə,i', 'ə,a', 'ɛ,a', 'œ̃,u', 'e,i', 'e,o', 'ə,ɔ', 'ɔ,a', 'a,ɔ', 'i,ə', 'a,i', 'a,a', 'ɛ,u', 'ɛ,s']
p k	['o,u', 'i,i', 'ə,u', 't,u', 'e,ɛ', 'i,ɛ', 'ə,ə', 'e,a', 'a,u', 'i,a', 'œ̃,a', 'a,e', 'e,ɔ', 'u,ɛ', 's,a', 'e,u', 's,ɛ', 't,a', 'ə,ɛ', 'ɛ,ɛ', 'œ̃,ɔ', 'o,a', 'a,ɛ', 'ɛ,t', 'ə,i', 'ə,a', 'ɔ,e', 'ɛ,a', 'e,i', 's,ə', 'e,o', 'ə,ɔ', 's,i', 'a,ɔ', 'i,u', 'ø,ɔ', 'a,i', 'a,a', 's,ɔ', 'a,t', 'ɛ,s']
t k	['o,u', 'i,i', 'ə,u', 'i,ɛ', 'ə,ə', 'ɛ,ɔ', 'a,s', 'e,a', 'a,u', 'i,a', 'a,e', 'e,ɔ', 'ɛ,p', 'u,ɛ', 's,a', 'e,u', 'a,d', 'ɛ,i', 'i,e', 's,ɛ', 'i,s', 'ə,ɛ', 'ɛ,ɛ', 'ɛ,d', 'i,t', 'a,ɛ', 'ɛ,t', 'o,i', 'ə,i', 'ə,a', 'i,d', 'ɔ,e', 'u,u', 'ɛ,a', 'e,i', 'ɛ,f', 'ə,ɔ', 'ɛ,v', 'ɔ,a', 's,i', 'a,ɔ', 'i,u', 'e,ɛ', 'k,i', 'ɛ,ʃ', 'a,i', 'a,a', 's,ɔ', 'ɛ,u', 'ɛ,s']
b k	['o,u', 'ə,u', 'e,ɛ', 'ɔ,s', 'ə,ə', 'a,s', 'e,a', 'a,u', 'i,a', 'a,ə', 'e,u', 't,a', 'ə,ɛ', 'ɛ,ɛ', 'a,ɛ', 'ə,a', 'ɛ,a', 'e,i', 'e,o', 'ə,ɔ', 'ɔ,a', 'a,ɔ', 'i,u', 'a,i', 'a,a']
t ʒ	['o,u', 'ɔ,i', 'i,i', 'ə,u', 'i,ɛ', 'o,ɛ', 'ə,ə', 'a,s', 'a,u', 'i,a', 'a,e', 's,e', 'œ̃,ɛ', 'e,u', 'a,d', 'i,e', 'ə,ɛ', 'a,ɛ', 'a,œ', 'ə,i', 'u,e', 'ə,a', 'ɔ,ɛ', 'ɔ,e', 'u,u', 'ɛ,a', 'e,a', 'e,i', 'ə,e', 'a,ɔ', 'e,ɛ', 'a,i', 'e,e', 'a,a']
ɡ k	['o,u', 'ə,u', 'e,a', 'i,a', 'i,e', 'ɛ,ɛ', 'a,ɛ', 'ə,a', 'œ̃,u', 'i,u', 'a,a']
k ɡ	['o,u', 'ə,u', 'i,a', 'i,e', 'ɛ,ɛ', 'a,ɛ', 'ə,a', 'œ̃,u', 'e,a', 'i,u', 'a,a']
k m	['o,u', 'i,i', 'ə,u', 'ɔ,t', 'e,ɛ', 'i,ɛ', 'ɔ,d', 'ɔ,s', 'ə,ə', 'ɛ,ɔ', 'a,s', 'e,a', 'a,u', 'i,a', 'a,ə', 'a,e', 'e,ɔ', 'ɛ,p', 'ɛ,i', 'o,ə', 'i,s', 't,a', 'ə,ɛ', 'ə,œ', 'ə,o', 'ɛ,ɛ', 'ɛ,d', 'œ̃,ɔ', 'o,a', 'a,ɛ', 'ɛ,t', 'o,i', 'ə,i', 'ə,a', 'ɛ,a', 'œ̃,u', 'e,i', 'e,o', 'ə,ɔ', 'ɔ,a', 'a,ɔ', 'i,ə', 'a,i', 'a,a', 'ɛ,u', 'ɛ,s']
p m	['o,u', 'ɔ,i', 'i,i', 'ə,u', 'ɔ,t', 't,u', 'e,ɛ', 'i,ɛ', 'ə,ə', 'ɛ,ɔ', 'e,a', 'a,u', 'i,a', 'a,e', 'e,ɔ', 'a,d', 'i,e', 'a,o', 's,ɛ', 't,a', 'ə,ɛ', 'ə,o', 'ɛ,ɛ', 'z,a', 'o,a', 'a,ɛ', 'o,i', 'ə,i', 'u,a', 'ə,a', 'ɔ,e', 'ɛ,a', 'e,i', 'ə,ø', 'e,o', 'ə,ɔ', 'ə,e', 'ɔ,o', 'a,ɔ', 'a,i', 'ɛ,e', 'ø,a', 'e,e', 'a,a']
t m	['o,u', 'e,e', 'ɔ,i', 'i,i', 't,ɛ', 'ə,u', 'i,ɛ', 'ɔ,d', 'ə,ə', 'ɛ,ɔ', 'a,s', 'e,a', 'a,u', 'ɛ,b', 'i,a', 'a,e', 'e,ɔ', 'o,ɔ', 'ɛ,p', 'ɛ,i', 'i,e', 'i,o', 's,ɛ', 'i,s', 'ə,ɛ', 'ɛ,ɛ', 'ɛ,d', 'a,ɛ', 'ø,ɛ', 'o,i', 'ə,i', 'u,a', 'ə,a', 'ɛ,k', 'ɔ,ɛ', 'ɔ,e', 'ɛ,a', 'e,i', 'ə,e', 'ɔ,a', 'a,ɔ', 'e,ɛ', 'a,i', 'ɛ,e', 'a,a', 'ɛ,u', 'ɛ,s']
ʒ t	['o,u', 'ɔ,i', 'i,i', 'ə,u', 'i,ɛ', 'o,ɛ', 'ə,ə', 'a,s', 'a,u', 'i,a', 'a,e', 's,e', 'œ̃,ɛ', 'e,u', 'a,d', 'i,e', 'ə,ɛ', 'a,ɛ', 'a,œ', 'ə,i', 'u,e', 'ə,a', 'ɔ,ɛ', 'ɔ,e', 'u,u', 'ɛ,a', 'e,a', 'e,i', 'ə,e', 'a,ɔ', 'e,ɛ', 'a,i', 'e,e', 'a,a']
k n	['o,u', 'i,i', 'ə,u', 'i,ɛ', 'ɔ,d', 'ə,ə', 'e,a', 'a,u', 'i,a', 'œ̃,a', 'a,ə', 'a,e', 'e,ɔ', 'o,ɔ', 'ɛ,p', 'e,u', 'ɛ,i', 'i,e', 'ə,ɛ', 'ø,u', 'ə,o', 'ɛ,ɛ', 'ɛ,d', 'a,ɛ', 'ɛ,t', 'v,i', 'e,ə', 'ə,i', 'ə,a', 'ɛ,k', 'ɔ,e', 'u,u', 'ɛ,a', 'e,i', 's,ə', 'ɛ,f', 'ə,ɔ', 'e,o', 'ɛ,ə', 'ɛ,v', 'ɔ,a', 'a,ɔ', 'i,u', 'i,ə', 'e,ɛ', 'a,i', 'a,a', 'ɛ,s']
k p	['o,u', 'i,i', 'ə,u', 't,u', 'e,ɛ', 'i,ɛ', 'ə,ə', 'e,a', 'a,u', 'i,a', 'œ̃,a', 'a,e', 'e,ɔ', 'u,ɛ', 's,a', 'e,u', 's,ɛ', 't,a', 'ə,ɛ', 'ɛ,ɛ', 'œ̃,ɔ', 'o,a', 'a,ɛ', 'ɛ,t', 'ə,i', 'ə,a', 'ɔ,e', 'ɛ,a', 'e,i', 's,ə', 'e,o', 'ə,ɔ', 's,i', 'a,ɔ', 'i,u', 'ø,ɔ', 'a,i', 'a,a', 's,ɔ', 'a,t', 'ɛ,s']
m p	['o,u', 'ɔ,i', 'i,i', 'ə,u', 'ɔ,t', 't,u', 'e,ɛ', 'i,ɛ', 'ə,ə', 'ɛ,ɔ', 'e,a', 'a,u', 'i,a', 'a,e', 'e,ɔ', 'a,d', 'i,e', 'a,o', 's,ɛ', 't,a', 'ə,ɛ', 'ə,o', 'ɛ,ɛ', 'z,a', 'o,a', 'a,ɛ', 'o,i', 'ə,i', 'u,a', 'ə,a', 'ɔ,e', 'ɛ,a', 'e,i', 'ə,ø', 'e,o', 'ə,ɔ', 'ə,e', 'ɔ,o', 'a,ɔ', 'a,i', 'ɛ,e', 'ø,a', 'e,e', 'a,a']
t p	['o,u', 'ɔ,i', 'i,i', 'ə,u', 'u,d', 'e,ɛ', 'i,ɛ', 'ɛ,ɔ', 'e,a', 'a,u', 'i,a', 'a,e', 'e,ɔ', 'u,ɛ', 's,e', 's,a', 'œ̃,ɛ', 'e,u', 'a,d', 'i,e', 'a,o', 's,ɛ', 'ə,ɛ', 's,o', 'ɛ,ɛ', 'o,a', 'a,ɛ', 'a,œ', 'o,i', 'ə,i', 'u,e', 'u,a', 'ə,a', 'ɔ,e', 'u,u', 'ɛ,a', 'e,i', 'ə,ɔ', 'ə,e', 's,u', 's,i', 'a,ɔ', 'i,u', 'a,i', 'ɛ,e', 'e,e', 'a,a', 's,ɔ', 'ɛ,u', 'ɛ,s']
k b	['o,u', 'ə,u', 'e,ɛ', 'ɔ,s', 'ə,ə', 'a,s', 'e,a', 'a,u', 'i,a', 'a,ə', 'e,u', 't,a', 'ə,ɛ', 'ɛ,ɛ', 'a,ɛ', 'ə,a', 'ɛ,a', 'e,i', 'e,o', 'ə,ɔ', 'ɔ,a', 'a,ɔ', 'i,u', 'a,i', 'a,a']
ʒ b	['o,u', 'ɔ,i', 'ə,u', 'ə,ə', 'a,s', 'a,u', 'a,ə', 'e,u', 'ə,ɛ', 'a,ɛ', 'ə,a', 'ɔ,ɛ', 'ɔ,e', 'ɛ,a', 'e,a', 'ə,e', 'a,ɔ', 'a,i', 'a,a']
b n	['o,u', 'ɔ,i', 'ə,u', 'ɔ,s', 'ə,ə', 'e,a', 'a,u', 'i,a', 'ə,ɛ', 'ɛ,ɛ', 'a,ɛ', 'ə,a', 'ɔ,ɛ', 'ɔ,e', 'ɛ,a', 'e,i', 'ə,ɔ', 'ɔ,a', 'a,ɔ', 'i,u', 'a,i', 'a,a']
p n	['o,u', 'ɔ,i', 'i,i', 'ɔ,ɔ', 'ə,u', 'i,ɛ', 'ə,ə', 'ɛ,ɔ', 'e,a', 'a,u', 'i,a', 'œ̃,a', 'a,e', 'e,ɔ', 'e,u', 'i,e', 'a,o', 'ə,ɛ', 'ə,o', 'ɛ,ɛ', 'œ̃,ɔ', 'a,ɛ', 'ɛ,t', 'ə,a', 'ɔ,e', 'ɛ,a', 'e,i', 'ə,ɔ', 'ə,e', 'e,o', 'a,ɔ', 'e,ɛ', 'a,i', 'ɛ,e', 'e,e', 'a,a', 'ɛ,u']
t n	['o,u', 'e,e', 'ɔ,i', 'i,i', 't,ɛ', 'ɔ,ɔ', 'ə,u', 'i,ɛ', 'ɔ,d', 'ə,ə', 'ɛ,ɔ', 'a,u', 'i,a', 'œ̃,a', 'a,e', 'e,ɔ', 'o,ɔ', 'ɛ,p', 'e,u', 'ɛ,i', 'i,e', 'a,o', 'ə,ɛ', 'ɛ,ɛ', 'ɛ,d', 'a,ɛ', 'ø,ɛ', 'ɛ,t', 'ə,i', 'ə,a', 'ɛ,k', 'ɔ,ɛ', 'ɔ,e', 'ɛ,a', 'e,a', 'e,i', 'ɛ,f', 'ə,ɔ', 'ə,e', 'ɔ,a', 'a,ɔ', 'i,u', 'ɛ,o', 'e,ɛ', 'a,i', 'ɛ,e', 'a,a', 'o,e', 'ɛ,u', 'ɛ,s']
ɡ m	['o,u', 'ə,u', 'i,a', 'a,ɛ', 'ə,a', 'œ̃,u', 'e,a', 'a,a']
b p	['o,u', 'ɔ,i', 'ə,u', 'e,ɛ', 'ə,ə', 'e,a', 'a,u', 'i,a', 't,a', 'ə,ɛ', 'ɛ,ɛ', 'o,a', 'a,ɛ', 'ə,a', 'ɔ,e', 'ɛ,a', 'e,o', 'ə,ɔ', 'a,ɔ', 'i,u', 'a,i', 'a,a']
n p	['o,u', 'ɔ,i', 'i,i', 'ɔ,ɔ', 'ə,u', 'i,ɛ', 'ə,ə', 'ɛ,ɔ', 'e,a', 'a,u', 'i,a', 'œ̃,a', 'a,e', 'e,ɔ', 'e,u', 'i,e', 'a,o', 'ə,ɛ', 'ə,o', 'ɛ,ɛ', 'œ̃,ɔ', 'a,ɛ', 'ɛ,t', 'ə,a', 'ɔ,e', 'ɛ,a', 'e,i', 'e,o', 'ə,ɔ', 'ə,e', 'a,ɔ', 'e,ɛ', 'a,i', 'ɛ,e', 'e,e', 'a,a', 'ɛ,u']
n b	['o,u', 'ɔ,i', 'ə,u', 'ɔ,s', 'ə,ə', 'e,a', 'a,u', 'i,a', 'ə,ɛ', 'ɛ,ɛ', 'a,ɛ', 'ə,a', 'ɔ,ɛ', 'ɔ,e', 'ɛ,a', 'e,i', 'ə,ɔ', 'ɔ,a', 'a,ɔ', 'i,u', 'a,i', 'a,a']
p b	['o,u', 'ɔ,i', 'ə,u', 'e,ɛ', 'ə,ə', 'e,a', 'a,u', 'i,a', 't,a', 'ə,ɛ', 'ɛ,ɛ', 'o,a', 'a,ɛ', 'ə,a', 'ɔ,e', 'ɛ,a', 'e,o', 'ə,ɔ', 'a,ɔ', 'i,u', 'a,i', 'a,a']
t b	['o,u', 'ɔ,i', 'ə,u', 'a,s', 'e,a', 'a,u', 'i,a', 'ə,ɛ', 'ɛ,ɛ', 'o,a', 'a,ɛ', 'ə,a', 'ɔ,ɛ', 'ɔ,e', 'ɛ,a', 'e,i', 'ə,e', 'ɔ,a', 'a,ɔ', 'i,u', 'a,i', 'a,a']
m d	['e,e', 'ɔ,i', 'i,i', 'u,ə', 'ə,u', 't,e', 'e,ɛ', 'i,ɛ', 'ɔ,d', 'ə,ə', 'ɛ,ɔ', 'a,u', 'i,a', 'a,ə', 'a,e', 'e,ɔ', 'œ̃,ɛ', 'ɛ,i', 'i,e', 'o,ə', 'ə,ɛ', 'ɛ,ɛ', 'o,a', 'a,ɛ', 'ə,i', 'ɔ,ɛ', 'ɔ,e', 'ɛ,a', 'e,a', 'e,i', 'ə,ø', 'i,ɔ', 'ə,ɔ', 't,ɔ', 'ə,e', 'i,ə', 'a,i', 'ɛ,e', 'ø,a', 'a,a']
n d	['e,e', 'ɔ,i', 'i,i', 'u,ə', 'ə,u', 'i,ɛ', 'ə,ə', 'e,a', 'a,u', 'i,a', 'a,ə', 'a,e', 'e,ɔ', 't,ə', 'e,u', 'ɛ,i', 'i,e', 'a,o', 'ə,ɛ', 'ɛ,ɛ', 'a,ɛ', 'e,ə', 'ə,i', 'ɔ,ɛ', 'ɔ,e', 'ɛ,a', 'e,i', 's,ə', 'i,ɔ', 'ə,ɔ', 'ə,e', 'ɛ,ə', 'a,ɔ', 'ʒ,ə', 'i,u', 'i,ə', 'e,ɛ', 'a,i', 'ɛ,e', 'a,a', 'o,e']
l d	['e,e', 'ɔ,i', 'i,i', 'u,ə', 'u,e', 't,e', 'a,ø', 'k,ə', 'ɛ,e', 'i,ɛ', 'ə,ə', 'ɛ,ɔ', 'e,a', 'i,a', 'a,ə', 'ø,ə', 'a,e', 'e,ɔ', 'u,ɛ', 't,ə', 'ɛ,i', 'i,e', 'a,o', 'ɡ,ə', 'o,ə', 'ə,ɛ', 'ɛ,ɛ', 'a,ɛ', 'e,ə', 'ə,i', 'k,e', 'ɔ,ɛ', 'i,d', 'ɔ,e', 'ɛ,a', 'e,i', 's,ə', 'i,ɔ', 'ə,ɔ', 's,e', 'ə,e', 'b,ə', 'ɛ,ə', 'a,ɔ', 'ʒ,ə', 'i,u', 'i,ə', 'e,ɛ', 'a,i', 'a,a']
d t	['e,e', 'ɔ,i', 'i,i', 't,ɛ', 'ə,u', 'k,ə', 'i,ɛ', 'o,ɛ', 'ə,ə', 'ɛ,ɔ', 'a,u', 'i,a', 'a,e', 'u,ɛ', 's,e', 'œ̃,ɛ', 'e,u', 'ɛ,i', 'i,e', 'e,ɔ', 'a,o', 's,ɛ', 'ə,ɛ', 'ɛ,ɛ', 'a,ɛ', 'ʒ,e', 'o,i', 'ə,i', 'u,e', 'k,e', 'i,d', 'ɔ,e', 'ɛ,a', 'e,a', 'e,i', 'ə,e', 'a,ɔ', 'i,u', 'e,ɛ', 'a,i', 'ɛ,e', 'a,a', 'o,e', 's,ɔ']
t d	['e,e', 'ɔ,i', 'i,i', 't,ɛ', 'ə,u', 'k,ə', 'i,ɛ', 'o,ɛ', 'ə,ə', 'ɛ,ɔ', 'a,u', 'i,a', 'a,e', 'u,ɛ', 's,e', 'œ̃,ɛ', 'e,u', 'ɛ,i', 'i,e', 'e,ɔ', 'a,o', 's,ɛ', 'ə,ɛ', 'ɛ,ɛ', 'a,ɛ', 'ʒ,e', 'o,i', 'ə,i', 'u,e', 'k,e', 'i,d', 'ɔ,e', 'ɛ,a', 'e,a', 'e,i', 'ə,e', 'a,ɔ', 'i,u', 'e,ɛ', 'a,i', 'ɛ,e', 'a,a', 'o,e', 's,ɔ']
s ʁ	['e,e', 'ɔ,i', 'i,i', 'u,ə', 't,ɛ', 'ə,u', 'b,ɛ', 't,e', 'ɔ,f', 'ɔ,t', 'b,t', 'k,ə', 't,u', 'i,ɛ', 'o,ɛ', 'u,t', 'a,p', 'u,p', 'e,ø', 'ə,ə', 'ɛ,ɔ', 'e,a', 't,i', 'u,s', 'a,u', 'i,a', 'a,ə', 'a,e', 'i,k', 'e,ɔ', 'ɛ,p', 'u,ɛ', 's,e', 't,ə', 'e,u', 'b,ɔ', 'a,d', 'ɛ,i', 'i,e', 'u,i', 'i,o', 'o,ə', 't,a', 'u,k', 'ə,ɛ', 'ə,o', 'ɛ,ɛ', 'ɛ,d', 'œ̃,ɔ', 'i,t', 'd,a', 'o,a', 'a,ɛ', 'ɛ,t', 'o,i', 'e,ə', 'ə,i', 'u,e', 'u,a', 'k,e', 'ə,a', 'ɛ,k', 'ɔ,ɛ', 'i,d', 'a,k', 'ɔ,e', 'ɛ,a', 'i,p', 'e,i', 'ə,ɔ', 't,ɔ', 'ə,e', 'ɛ,ə', 'ɛ,v', 'a,ɔ', 'k,ɛ', 't,p', 'i,ə', 'ɛ,o', 'e,ɛ', 'k,i', 'a,i', 'ɛ,e', 'a,a', 'a,t', 'b,k', 'ɔ,k', 'ɛ,u', 'ɛ,s']
d l	['e,e', 'ɔ,i', 'i,i', 'u,ə', 'u,e', 'a,ø', 'k,ə', 'ɛ,e', 'i,ɛ', 'ə,ə', 'ɛ,ɔ', 'e,a', 'i,a', 'a,ə', 'ø,ə', 'a,e', 'e,ɔ', 'u,ɛ', 't,ə', 'ɛ,i', 'i,e', 'a,o', 'ɡ,ə', 'o,ə', 'ə,ɛ', 'ɛ,ɛ', 'a,ɛ', 't,e', 'e,ə', 'ə,i', 'k,e', 'ɔ,ɛ', 'i,d', 'ɔ,e', 'ɛ,a', 'e,i', 's,ə', 'i,ɔ', 'ə,ɔ', 's,e', 'ə,e', 'b,ə', 'ɛ,ə', 'a,ɔ', 'ʒ,ə', 'i,u', 'i,ə', 'e,ɛ', 'a,i', 'a,a']
p ʁ	['e,e', 'k,a', 'ɔ,i', 'i,i', 'ɔ,ɔ', 'ə,u', 'v,a', 'ɔ,t', 'u,d', 't,u', 'e,ɛ', 'i,ɛ', 'e,ø', 'ə,ə', 'e,a', 'a,u', 'i,a', 'a,e', 'e,ɔ', 'u,ɛ', 's,e', 's,a', 'e,u', 'a,d', 'i,e', 'u,i', 's,ɛ', 't,a', 'ə,ɛ', 'ə,o', 'ɛ,ɛ', 'o,a', 'a,ɛ', 'ɛ,t', 'o,i', 'ə,i', 'u,e', 'u,a', 'ə,a', 'ɔ,e', 'ɛ,a', 'e,i', 's,ə', 'ə,ɔ', 't,ɔ', 'ə,e', 'e,o', 'a,ɔ', 'ɛ,o', 'a,i', 'ɛ,e', 'a,a', 'a,t', 'ɛ,u', 'ɛ,s']
n s	['e,e', 'ɔ,i', 'i,i', 'u,ə', 't,ɛ', 'ə,u', 'i,ɛ', 'ə,ə', 't,i', 'a,u', 'i,a', 'œ̃,a', 'a,ə', 'a,e', 'i,k', 'e,ɔ', 'ɛ,p', 't,ə', 'e,u', 'ɛ,i', 'i,e', 'a,o', 'ə,ɛ', 'ə,o', 'ɛ,ɛ', 'ɛ,d', 'a,ɛ', 'ɛ,t', 'e,ə', 'ə,i', 'ə,a', 'ɛ,k', 'ɔ,ɛ', 'ɔ,e', 'ɛ,a', 'e,i', 's,ə', 'i,ɔ', 'ə,ɔ', 't,ɔ', 'ə,e', 'ɛ,ə', 'ɛ,v', 'a,ɔ', 'i,ə', 'e,ɛ', 'a,i', 'ɛ,e', 'a,a', 'ɛ,u']
d n	['e,e', 'ɔ,i', 'i,i', 'u,ə', 'ə,u', 'i,ɛ', 'ə,ə', 'e,a', 'a,u', 'i,a', 'a,ə', 'a,e', 'e,ɔ', 't,ə', 'e,u', 'ɛ,i', 'i,e', 'a,o', 'ə,ɛ', 'ɛ,ɛ', 'a,ɛ', 'e,ə', 'ə,i', 'ɔ,ɛ', 'ɔ,e', 'ɛ,a', 'e,i', 's,ə', 'i,ɔ', 'ə,ɔ', 'ə,e', 'ɛ,ə', 'a,ɔ', 'ʒ,ə', 'i,u', 'i,ə', 'e,ɛ', 'a,i', 'ɛ,e', 'a,a', 'o,e']
m n	['e,e', 'ɔ,i', 'i,i', 'u,ə', 't,ɛ', 'ɔ,ɔ', 'ə,u', 'i,ɛ', 'ɔ,d', 'ə,ə', 'ɛ,ɔ', 'a,u', 'i,a', 'a,ə', 'a,e', 'e,ɔ', 'o,ɔ', 'ɛ,p', 'i,e', 'ə,ɛ', 'ə,o', 'ɛ,ɛ', 'ɛ,d', 'a,ɛ', 'ø,ɛ', 'k,u', 'ə,i', 'ə,a', 'ɛ,k', 'ɔ,ɛ', 'ɔ,e', 'ɛ,a', 'e,a', 'e,i', 'i,ɔ', 'ə,ɔ', 't,ɔ', 'ə,e', 'ɔ,a', 'i,ə', 'ɛ,o', 'e,ɛ', 'a,i', 'ɛ,e', 'a,a', 'ɛ,s']
s n	['e,e', 'ɔ,i', 'i,i', 'u,ə', 't,ɛ', 'ə,u', 'i,ɛ', 'ə,ə', 't,i', 'a,u', 'i,a', 'œ̃,a', 'a,ə', 'a,e', 'i,k', 'e,ɔ', 'ɛ,p', 't,ə', 'e,u', 'ɛ,i', 'i,e', 'a,o', 'ə,ɛ', 'ə,o', 'ɛ,ɛ', 'ɛ,d', 'a,ɛ', 'ɛ,t', 'e,ə', 'ə,i', 'ə,a', 'ɛ,k', 'ɔ,ɛ', 'ɔ,e', 'ɛ,a', 'e,i', 's,ə', 'i,ɔ', 'ə,ɔ', 't,ɔ', 'ə,e', 'ɛ,ə', 'ɛ,v', 'a,ɔ', 'i,ə', 'e,ɛ', 'a,i', 'ɛ,e', 'a,a', 'ɛ,u']
l p	['e,e', 'k,a', 'ɔ,i', 'i,i', 'ɔ,ɔ', 'e,ɛ', 'i,ɛ', 'ə,ə', 'ɛ,ɔ', 'e,a', 'i,a', 'a,e', 'e,ɔ', 'u,ɛ', 's,a', 'a,d', 'i,e', 'a,o', 'ə,ɛ', 'ə,o', 'ɛ,ɛ', 'a,ɛ', 'a,œ', 'ə,i', 'u,a', 'ə,a', 'ɔ,e', 'ɛ,a', 'e,i', 'ə,ɔ', 'a,ɔ', 'i,u', 'a,i', 'ɛ,e', 'a,a', 'ɛ,u', 'ɛ,s']
ʁ p	['e,e', 'k,a', 'ɔ,i', 'i,i', 'ɔ,ɔ', 'ə,u', 'v,a', 'ɔ,t', 'u,d', 't,u', 'e,ɛ', 'i,ɛ', 'e,ø', 'ə,ə', 'e,a', 'a,u', 'i,a', 'a,e', 'e,ɔ', 'u,ɛ', 's,e', 's,a', 'e,u', 'a,d', 'i,e', 'u,i', 's,ɛ', 't,a', 'ə,ɛ', 'ə,o', 'ɛ,ɛ', 'o,a', 'a,ɛ', 'ɛ,t', 'o,i', 'ə,i', 'u,e', 'u,a', 'ə,a', 'ɔ,e', 'ɛ,a', 'e,i', 's,ə', 'ə,ɔ', 't,ɔ', 'ə,e', 'e,o', 'a,ɔ', 'ɛ,o', 'a,i', 'ɛ,e', 'a,a', 'a,t', 'ɛ,u', 'ɛ,s']
ʁ s	['e,e', 'ɔ,i', 'i,i', 'u,ə', 't,ɛ', 'ə,u', 'b,ɛ', 't,e', 'ɔ,f', 'ɔ,t', 'b,t', 'k,ə', 't,u', 'i,ɛ', 'o,ɛ', 'u,t', 'a,p', 'u,p', 'e,ø', 'ə,ə', 'ɛ,ɔ', 'e,a', 't,i', 'u,s', 'a,u', 'i,a', 'a,ə', 'a,e', 'i,k', 'e,ɔ', 'ɛ,p', 'u,ɛ', 's,e', 't,ə', 'e,u', 'b,ɔ', 'a,d', 'ɛ,i', 'i,e', 'u,i', 'i,o', 'o,ə', 't,a', 'u,k', 'ə,ɛ', 'ə,o', 'ɛ,ɛ', 'ɛ,d', 'œ̃,ɔ', 'i,t', 'd,a', 'o,a', 'a,ɛ', 'ɛ,t', 'o,i', 'e,ə', 'ə,i', 'u,e', 'u,a', 'k,e', 'ə,a', 'ɛ,k', 'ɔ,ɛ', 'i,d', 'a,k', 'ɔ,e', 'ɛ,a', 'i,p', 'e,i', 'ə,ɔ', 't,ɔ', 'ə,e', 'ɛ,ə', 'ɛ,v', 'a,ɔ', 'k,ɛ', 't,p', 'i,ə', 'ɛ,o', 'e,ɛ', 'k,i', 'a,i', 'ɛ,e', 'a,a', 'a,t', 'b,k', 'ɔ,k', 'ɛ,u', 'ɛ,s']
d m	['e,e', 'ɔ,i', 'i,i', 'u,ə', 'ə,u', 't,e', 'e,ɛ', 'i,ɛ', 'ɔ,d', 'ə,ə', 'ɛ,ɔ', 'a,u', 'i,a', 'a,ə', 'a,e', 'e,ɔ', 'œ̃,ɛ', 'ɛ,i', 'i,e', 'o,ə', 'ə,ɛ', 'ɛ,ɛ', 'o,a', 'a,ɛ', 'ə,i', 'ɔ,ɛ', 'ɔ,e', 'ɛ,a', 'e,a', 'e,i', 'ə,ø', 'i,ɔ', 'ə,ɔ', 't,ɔ', 'ə,e', 'i,ə', 'a,i', 'ɛ,e', 'ø,a', 'a,a']
n m	['e,e', 'ɔ,i', 'i,i', 'u,ə', 't,ɛ', 'ɔ,ɔ', 'ə,u', 'i,ɛ', 'ɔ,d', 'ə,ə', 'ɛ,ɔ', 'a,u', 'i,a', 'a,ə', 'a,e', 'e,ɔ', 'o,ɔ', 'ɛ,p', 'i,e', 'ə,ɛ', 'ə,o', 'ɛ,ɛ', 'ɛ,d', 'a,ɛ', 'ø,ɛ', 'k,u', 'ə,i', 'ə,a', 'ɛ,k', 'ɔ,ɛ', 'ɔ,e', 'ɛ,a', 'e,a', 'e,i', 'i,ɔ', 'ə,ɔ', 't,ɔ', 'ə,e', 'ɔ,a', 'i,ə', 'ɛ,o', 'e,ɛ', 'a,i', 'ɛ,e', 'a,a', 'ɛ,s']
p l	['e,e', 'k,a', 'ɔ,i', 'i,i', 'ɔ,ɔ', 'e,ɛ', 'i,ɛ', 'ə,ə', 'ɛ,ɔ', 'e,a', 'i,a', 'a,e', 'e,ɔ', 'u,ɛ', 's,a', 'a,d', 'i,e', 'a,o', 'ə,ɛ', 'ə,o', 'ɛ,ɛ', 'a,ɛ', 'a,œ', 'ə,i', 'u,a', 'ə,a', 'ɔ,e', 'ɛ,a', 'e,i', 'ə,ɔ', 'a,ɔ', 'i,u', 'a,i', 'ɛ,e', 'a,a', 'ɛ,u', 'ɛ,s']
s m	['e,e', 'ɔ,i', 'i,i', 'u,ə', 't,ɛ', 'ə,u', 'a,d', 't,e', 'ɔ,t', 'e,ɛ', 'i,ɛ', 'o,ɛ', 'a,p', 'ə,ə', 'e,a', 'a,u', 'i,a', 'a,ə', 'a,e', 'ɛ,p', 'ɛ,i', 'i,e', 'i,o', 'o,ə', 't,a', 'ə,ɛ', 'ə,œ', 'ə,o', 'ɛ,ɛ', 'ɛ,d', 'œ̃,ɔ', 'a,ɛ', 'ɛ,t', 'o,i', 'ə,i', 'u,a', 'ə,a', 'ɛ,k', 'ɔ,ɛ', 'i,d', 'a,k', 'ɔ,e', 'ɛ,a', 'e,i', 'i,ɔ', 'ə,ɔ', 't,ɔ', 'ə,e', 'œ̃,i', 'i,ə', 'a,i', 'ɛ,e', 'a,a', 'ɔ,k', 'ɛ,u']
e ʁ	['k,a', 't,ɛ', 't,e', 'u,d', 't,œ̃', 'b,d', 'u,t', 'b,i', 'd,p', 'd,s', 'd,f', 't,f', 't,ʒ', 'i,k', 't,v', 's,e', 's,a', 't,o', 't,d', 't,b', 'd,ɔ', 's,ɛ', 't,t', 't,ʃ', 't,a', 'v,d', 't,s', 'i,t', 'd,a', 'ɛ,t', 'd,i', 'd,d', 'ɛ,k', 'i,d', 'a,k', 'd,o', 'd,ɛ', 't,k', 't,ɔ', 'ɛ,v', 'd,k', 'v,k', 't,p', 'ɛ,ʃ', 'a,t']
i ʁ	['k,a', 'b,d', 'd,p', 'd,s', 'd,f', 'u,s', 't,f', 't,ʒ', 't,v', 't,d', 't,b', 'k,d', 's,ɛ', 't,t', 'v,ɛ', 'v,d', 't,s', 'd,a', 'd,d', 'k,e', 'v,ɡ', 't,k', 'd,k', 'v,k', 'k,ɛ', 't,p']
w ʁ	['k,a', 'v,a', 'f,a', 's,a', 'ɡ,a', 't,a', 'd,a', 'b,a', 'p,a']
l t	['k,a', 'ɔ,i', 'i,i', 'ɔ,ɔ', 'k,ə', 'i,ɛ', 'ɔ,d', 'ə,ə', 'ɛ,ɔ', 'a,s', 'e,a', 'i,a', 'a,e', 'i,k', 'e,ɔ', 'ɛ,p', 'u,ɛ', 's,a', 'a,d', 'ɛ,i', 'i,e', 'i,v', 'a,o', 'ɛ,ʒ', 'i,s', 'ə,ɛ', 'ɛ,ɛ', 'ɛ,d', 'i,t', 'a,ɛ', 'a,œ', 'o,i', 'ə,i', 'u,e', 'u,a', 'k,e', 'ə,a', 'ɛ,k', 'ɔ,ɛ', 'i,d', 'ɔ,e', 'u,u', 'ɛ,a', 'i,p', 'e,i', 'ɛ,f', 'ə,e', 'ɛ,œ', 'ɔ,a', 's,i', 'a,ɔ', 'k,ɛ', 'i,u', 'ɛ,o', 'e,ɛ', 'k,i', 'a,i', 'ɛ,e', 'p,i', 'e,e', 'a,a', 'ɛ,u', 'ɛ,s', 'i,f']
w l	['k,a', 'f,a', 'e,a', 's,a', 'b,a', 'p,a']
ə l	['k,a', 'k,d', 'k,k', 'k,ɛ']
ə t	['k,a', 's,d', 'k,s', 's,f', 's,ɛ', 's,k', 's,p', 'k,e', 'k,ɛ', 's,s']
ɛ l	['i,s', 'ɛ,d', 'i,t', 'ɛ,t', 'b,s', 'i,d', 'e,a', 'i,p', 'e,ɛ', 'p,i', 'ɛ,s']
ɛ t	['u,d', 's,d', 'k,s', 'u,s', 's,e', 's,a', 's,ɛ', 'i,s', 's,k', 'ɛ,d', 'ɛ,t', 's,p', 'i,d', 'e,a', 'e,ɛ', 'p,i', 'ɛ,s', 's,s']
ʁ t	['k,a', 'ɔ,i', 'i,i', 't,ɛ', 'ɔ,ɔ', 'ə,u', 'p,e', 'u,d', 'k,ə', 'a,f', 'i,ɛ', 'o,ɛ', 'ɔ,d', 'u,p', 'ə,ə', 'ɛ,ɔ', 'a,s', 'u,s', 'a,u', 'ɛ,b', 'i,a', 'u,ø', 'a,e', 'i,k', 'e,ɔ', 'ɛ,p', 'u,ɛ', 's,e', 's,a', 'e,u', 'a,d', 'ɛ,i', 'i,e', 'i,o', 's,ɛ', 'ə,ɛ', 'ɛ,ɛ', 'ɛ,d', 'a,ɛ', 'ø,ɛ', 'ɛ,t', 'o,i', 'ə,i', 'u,e', 'u,a', 'k,e', 'a,b', 'ə,a', 'ɛ,k', 'ɔ,ɛ', 'i,d', 'ɔ,e', 'ɛ,a', 'e,a', 'e,i', 'ɛ,f', 'ə,ɔ', 'ə,e', 'ɛ,œ', 'ɛ,v', 'ɔ,a', 'a,ɔ', 'k,ɔ', 'ɛ,o', 'e,ɛ', 'k,i', 'ɛ,ʃ', 'a,i', 'ɛ,e', 'p,i', 'e,e', 'a,a', 'ɛ,u', 'ɛ,s']
ʃ l	['e,ɛ', 'i,ɛ', 'ə,ə', 'e,a', 'i,a', 'a,e', 'u,ɛ', 'ɛ,i', 'i,e', 'ə,ɛ', 'ə,o', 'a,ɛ', 'u,e', 'u,a', 'ə,a', 'ɔ,ɛ', 'ɔ,e', 'ɛ,a', 'e,i', 'ɛ,œ', 'k,ɛ', 'ɛ,e', 'e,e', 'a,a']
ʃ t	['u,d', 'i,ɛ', 'i,a', 'a,e', 'u,ɛ', 'œ̃,ɛ', 'e,u', 'ɛ,i', 'i,e', 'ə,ɛ', 'a,ɛ', 'u,e', 'u,a', 'ə,a', 'ɔ,ɛ', 'ɔ,e', 'e,a', 'e,i', 'ə,e', 'ɔ,a', 'ɛ,e', 'e,e', 'a,a']
ʃ ʁ	['u,d', 'e,ɛ', 'i,ɛ', 'ɔ,d', 'ɔ,s', 'ə,ə', 'e,a', 'a,e', 'u,ɛ', 'e,u', 'ɛ,i', 'i,e', 'u,k', 'ə,ɛ', 'ə,o', 'o,a', 'a,ɛ', 'u,e', 'u,a', 'ə,a', 'ɔ,ɛ', 'ɔ,e', 'ɛ,a', 'a,v', 'e,i', 'ə,e', 'ɔ,a', 'k,ɛ', 'ɛ,e', 'e,e', 'a,a', 'a,t']
k ʁ	['i,i', 'ə,u', 'ɔ,t', 't,u', 'e,ɛ', 'i,ɛ', 'o,ɛ', 'ɔ,d', 'ɔ,s', 'ə,ə', 'ɛ,ɔ', 'a,s', 'e,a', 't,i', 'a,u', 'i,a', 'a,ə', 'a,e', 'i,k', 'e,ɔ', 'ɛ,p', 'u,ɛ', 't,ə', 's,a', 'e,u', 'a,d', 'ɛ,i', 'i,e', 'u,i', 's,ɛ', 'ø,i', 'o,ə', 'i,s', 't,a', 'ə,ɛ', 'ɛ,ɛ', 'ɛ,d', 'œ̃,ɔ', 'i,t', 'o,a', 'a,ɛ', 'ɛ,t', 'v,i', 'o,i', 'e,ə', 'ə,i', 'a,œ̃', 'u,a', 'ə,a', 'ɛ,k', 'i,d', 'ɔ,e', 'ɛ,a', 'e,i', 's,ə', 'ɛ,f', 'ə,ɔ', 'ɛ,ə', 'ɛ,v', 'ɔ,a', 'a,ɔ', 'a,ʒ', 'i,ə', 'k,i', 'ɛ,ʃ', 'a,i', 'a,a', 'a,t', 'ɛ,s', 'ɛ,œ̃']
a t	['t,ɛ', 'u,d', 's,d', 'k,s', 'i,ɛ', 'u,p', 'i,a', 'ɛ,p', 's,a', 'i,v', 's,ɛ', 's,k', 'ɛ,ɛ', 'ɛ,d', 'ɛ,t', 's,p', 'ɛ,k', 'i,d', 'ɛ,a', 'a,v', 'i,p', 'ɛ,v', 'e,ɛ', 'ɛ,ʃ', 'ɛ,s', 's,s']
f t	['k,a', 'ɔ,i', 'i,i', 'ə,u', 'i,ɛ', 'ə,ə', 'ɛ,ɔ', 'e,a', 'i,a', 'e,ɔ', 'u,ɛ', 's,a', 'i,e', 's,ɛ', 'ə,ɛ', 'ɛ,ɛ', 'ɛ,d', 'a,ɛ', 'ø,ɛ', 'o,i', 'ə,i', 'ə,a', 'ɔ,ɛ', 'ɛ,a', 'e,i', 'ə,ɔ', 'ə,e', 'a,ɔ', 'e,ɛ', 'a,i', 'a,a', 's,ɔ']
i t	['k,a', 's,d', 'k,s', 'u,s', 's,a', 's,f', 's,ɛ', 'ʒ,e', 's,p', 'k,e', 's,i', 'k,ɛ', 's,s']
i l	['k,a', 'ʒ,a', 'b,d', 'k,d', 'k,k', 'p,d', 'b,s', 'k,e', 'e,v', 'k,ɛ']
u l	['k,a', 'b,d', 'k,d', 'b,s', 'b,e', 'e,v']
ɡ l	['ɛ,z', 'i,a', 'i,e', 'a,ɛ', 'ə,a', 'e,a', 'a,a']
ɡ t	['ə,u', 'i,a', 'i,e', 'ɛ,ɛ', 'a,ɛ', 'ə,a', 'e,a', 'i,u', 'a,a']
n l	['ɔ,i', 'i,i', 'u,ə', 'ɔ,ɔ', 'i,ɛ', 'ə,ə', 'ɛ,ɔ', 'i,a', 'a,ə', 'a,e', 'i,k', 'ɛ,p', 'ɛ,i', 'i,e', 'a,o', 'ə,ɛ', 'ə,o', 'ɛ,ɛ', 'ɛ,d', 'a,ɛ', 'ɛ,t', 'a,œ', 'e,ə', 'ə,i', 'ə,a', 'ɛ,k', 'ɔ,ɛ', 'i,d', 'ɔ,e', 'u,u', 'ɛ,a', 'e,a', 'e,i', 'i,ɔ', 'ə,ɔ', 'ə,e', 'ɛ,ə', 'ɔ,a', 'a,ɔ', 'i,u', 'i,ə', 'e,ɛ', 'a,i', 'ɛ,e', 'e,e', 'a,a', 'ɛ,s']
n ʁ	['ɔ,i', 'i,i', 'u,ə', 't,ɛ', 'ɔ,ɔ', 'ə,u', 't,e', 't,u', 'i,ɛ', 'ɔ,d', 'ɔ,s', 'ə,ə', 'e,a', 't,i', 'a,u', 'i,a', 'a,ə', 'a,e', 'i,k', 'e,ɔ', 'ɛ,p', 't,ə', 'e,u', 'ɛ,i', 'i,e', 'a,o', 'v,ɛ', 'ə,ɛ', 'ə,o', 'ɛ,ɛ', 'ɛ,d', 'd,a', 'a,ɛ', 'ø,ɛ', 'ɛ,t', 'v,i', 'e,ə', 'ə,i', 'ə,a', 'ɛ,k', 'ɔ,ɛ', 'i,d', 'ɔ,e', 'ɛ,a', 'e,i', 's,ə', 'ɛ,f', 'ə,ɔ', 't,ɔ', 'u,ɔ', 'ə,e', 'ɛ,v', 'ɔ,a', 'a,ɔ', 'i,ə', 'e,ɛ', 'a,i', 'ɛ,e', 'e,e', 'a,a', 'ɛ,u', 'ɛ,s']
e l	['k,a', 'ʒ,a', 'b,d', 'b,i', 'i,k', 's,a', 'i,s', 'i,t', 'd,a', 'ɛ,t', 'b,s', 'ɛ,k', 'i,d', 'i,p', 'a,t', 'b,k']
u ʁ	['k,a', 't,e', 'v,e', 'v,a', 'b,t', 'b,d', 't,f', 't,ʒ', 't,o', 't,d', 't,b', 'k,d', 't,t', 'v,ɛ', 't,ʃ', 't,a', 'v,d', 't,s', 'v,k', 't,p']
ə ʁ	['k,a', 'd,p', 'd,s', 'd,f', 'k,d', 's,ɛ', 'd,d', 'k,e', 'd,ɛ', 'd,k', 'k,ɛ']
l w	['k,a', 'f,a', 'e,a', 's,a', 'b,a', 'p,a']
ɛ w	['v,a', 'f,a', 's,a', 't,a', 'd,a']
ʁ w	['k,a', 'v,a', 'f,a', 's,a', 'ɡ,a', 't,a', 'd,a', 'b,a', 'p,a']
a i	['d,t', 'p,s', 'z,k', 'b,t', 's,d', 'k,s', 'f,t', 'd,p', 'p,t', 'd,s', 'k,b', 't,ʒ', 't,v', 'z,t', 's,a', 'ʃ,s', 'k,t', 't,d', 't,b', 'k,d', 'f,s', 'd,ɡ', 't,t', 's,t', 'k,k', 'v,d', 's,k', 't,s', 'k,v', 'v,t', 'p,d', 's,p', 'b,s', 'd,d', 's,ʒ', 'd,v', 'k,ʃ', 'e,v', 'v,ɡ', 'f,k', 'z,ʒ', 't,k', 'k,p', 'z,d', 'd,k', 't,p', 's,v', 'v,s', 'z,s', 's,b', 'ʃ,k', 'e,s', 's,s']
f w	['k,a', 'e,a', 's,a', 't,a']
i w	['k,a', 'ʒ,a', 's,a', 'd,a']
t i	['k,a', 's,d', 'k,s', 'u,s', 's,a', 's,f', 's,ɛ', 'ʒ,e', 's,p', 'k,e', 's,i', 'k,ɛ', 's,s']
w i	['k,a', 'ʒ,a', 's,a', 'd,a']
ʁ i	['k,a', 'b,d', 'd,p', 'd,s', 'd,f', 'u,s', 't,f', 't,ʒ', 't,v', 't,d', 't,b', 'k,d', 's,ɛ', 't,t', 'v,ɛ', 'v,d', 't,s', 'd,a', 'd,d', 'k,e', 'v,ɡ', 't,k', 'd,k', 'v,k', 'k,ɛ', 't,p']
l i	['k,a', 'ʒ,a', 'b,d', 'k,d', 'k,k', 'p,d', 'b,s', 'k,e', 'e,v', 'k,ɛ']
u i	['k,a', 'd,t', 'p,s', 's,d', 'k,s', 'ʒ,t', 'd,s', 't,f', 't,ʒ', 'k,t', 'v,f', 't,b', 'k,d', 's,f', 'v,v', 't,t', 's,t', 'v,d', 't,s', 'k,v', 'v,t', 'ʒ,e', 'v,p', 's,p', 'k,ʃ', 'k,p', 'v,k', 't,p', 'd,z', 's,v', 's,s']
u w	['k,a', 'v,a', 't,a']
ə i	['k,a', 'd,t', 's,d', 'k,s', 'ʒ,d', 'd,p', 'p,t', 'ʒ,t', 'f,z', 'd,s', 'k,b', 'd,f', 'd,ʒ', 'k,t', 'k,d', 's,f', 'ʒ,k', 's,ɛ', 'd,ɡ', 'ʒ,s', 's,t', 'k,k', 's,k', 'k,v', 's,p', 'k,f', 'd,d', 'k,e', 's,ʒ', 'd,v', 'k,p', 'd,k', 'k,ɛ', 'd,z', 's,v', 's,ɡ', 's,s']
e p	['k,a', 's,e', 's,a', 's,ɛ', 't,a', 's,o', 's,ɔ']
e w	['k,a', 'ʃ,a', 'v,a', 'ʒ,a', 's,a', 't,a', 'd,a']
l e	['k,a', 'ʒ,a', 'b,d', 'b,i', 'i,k', 's,a', 'i,s', 'i,t', 'd,a', 'ɛ,t', 'b,s', 'ɛ,k', 'i,d', 'i,p', 'a,t', 'b,k']
p e	['k,a', 's,e', 's,a', 's,ɛ', 't,a', 's,o', 's,ɔ']
p w	['k,a', 'v,a', 'e,a', 's,a', 't,a']
w e	['k,a', 'ʃ,a', 'v,a', 'ʒ,a', 's,a', 't,a', 'd,a']
w p	['k,a', 'v,a', 'e,a', 's,a', 't,a']
s i	['b,t', 'k,s', 'k,t', 'k,k', 'k,e', 'k,p', 'k,ɛ', 't,p']
f e	['k,a', 'i,k', 's,a', 's,ɛ', 't,a', 't,ɔ']
ə e	['k,a', 'd,t', 's,d', 'k,s', 'ʒ,d', 'd,p', 'p,t', 'ʒ,t', 'd,s', 'd,f', 'd,ʒ', 'd,b', 'k,d', 'd,ɔ', 's,f', 'ʒ,k', 's,ɛ', 'd,ɡ', 'ʒ,v', 'ʒ,s', 's,t', 's,ʃ', 'k,k', 's,k', 's,p', 'd,d', 's,ʒ', 'd,o', 'd,v', 'd,ɛ', 'd,k', 'ʒ,p', 'd,ʃ', 'd,z', 's,v', 's,ɡ', 's,s']
ʁ e	['k,a', 't,ɛ', 't,e', 'u,d', 't,œ̃', 'b,d', 'u,t', 'b,i', 'd,p', 'd,s', 'd,f', 't,f', 't,ʒ', 'i,k', 't,v', 's,e', 's,a', 't,o', 't,d', 't,b', 'd,ɔ', 's,ɛ', 't,t', 't,ʃ', 't,a', 'v,d', 't,s', 'i,t', 'd,a', 'ɛ,t', 'd,i', 'd,d', 'ɛ,k', 'i,d', 'a,k', 'd,o', 'd,ɛ', 't,k', 't,ɔ', 'ɛ,v', 'd,k', 'v,k', 't,p', 'ɛ,ʃ', 'a,t']
i ə	['k,a', 'd,t', 's,d', 'k,s', 'ʒ,d', 'd,p', 'p,t', 'ʒ,t', 'f,z', 'd,s', 'k,b', 'd,f', 'd,ʒ', 'k,t', 'k,d', 's,f', 'ʒ,k', 's,ɛ', 'd,ɡ', 'ʒ,s', 's,t', 'k,k', 's,k', 'k,v', 's,p', 'k,f', 'd,d', 'k,e', 's,ʒ', 'd,v', 'k,p', 'd,k', 'k,ɛ', 'd,z', 's,v', 's,ɡ', 's,s']
l ə	['k,a', 'k,d', 'k,k', 'k,ɛ']
t ə	['k,a', 's,d', 'k,s', 's,f', 's,ɛ', 's,k', 's,p', 'k,e', 'k,ɛ', 's,s']
e ə	['k,a', 'd,t', 's,d', 'k,s', 'ʒ,d', 'd,p', 'p,t', 'ʒ,t', 'd,s', 'd,f', 'd,ʒ', 'd,b', 'k,d', 'd,ɔ', 's,f', 'ʒ,k', 's,ɛ', 'd,ɡ', 'ʒ,v', 'ʒ,s', 's,t', 's,ʃ', 'k,k', 's,k', 's,p', 'd,d', 's,ʒ', 'd,o', 'd,v', 'd,ɛ', 'd,k', 'ʒ,p', 'd,ʃ', 'd,z', 's,v', 's,ɡ', 's,s']
ʁ ə	['k,a', 'd,p', 'd,s', 'd,f', 'k,d', 's,ɛ', 'd,d', 'k,e', 'd,ɛ', 'd,k', 'k,ɛ']
e i	['k,a', 'd,t', 'p,s', 'z,k', 's,d', 'k,s', 'ʒ,d', 'b,d', 'd,p', 'p,t', 'ʒ,t', 'd,s', 'd,f', 'd,œ̃', 't,f', 'd,ʒ', 't,ʒ', 't,v', 'z,t', 's,a', 'ʃ,s', 't,d', 't,b', 'd,e', 'k,d', 's,f', 'v,v', 'ʒ,k', 's,ɛ', 'd,ɡ', 't,t', 's,t', 'k,k', 'v,d', 's,k', 't,s', 'v,p', 'p,d', 's,p', 'b,s', 'd,d', 's,ʒ', 'd,v', 'f,k', 't,k', 'z,d', 'd,k', 'v,k', 't,p', 'd,z', 's,v', 's,ɡ', 'v,s', 'z,s', 's,b', 's,s']
p i	['k,a', 's,a', 's,ɛ', 's,i']
e f	['k,a', 'i,k', 's,a', 's,ɛ', 't,a', 't,ɔ']
l f	['k,a', 'ɔ,i', 'i,i', 'u,ə', 'i,ɛ', 'ə,ə', 'ɛ,ɔ', 'e,a', 'i,a', 'i,k', 'e,ɔ', 'u,ɛ', 'i,e', 'ə,ɛ', 'ə,œ', 'ə,o', 'ɛ,ɛ', 'ɛ,d', 'a,ɛ', 'ə,i', 'ə,a', 'ɔ,ɛ', 'ɛ,a', 'e,i', 'i,ɔ', 'ə,ɔ', 'a,ɔ', 'i,ə', 'e,ɛ', 'a,i', 'a,a']
w f	['k,a', 'e,a', 's,a', 't,a']
ʁ f	['k,a', 'ɔ,i', 'i,i', 'u,ə', 'ə,u', 'e,ɛ', 'i,ɛ', 'o,ɛ', 'ə,ə', 'ɛ,ɔ', 'e,a', 'i,a', 'i,k', 'e,ɔ', 'u,ɛ', 's,a', 'i,e', 'u,i', 't,a', 'ə,ɛ', 'ə,o', 'ɛ,ɛ', 'ɛ,d', 'a,ɛ', 'ø,ɛ', 'o,i', 'ə,i', 'ə,a', 'ɔ,ɛ', 'ɛ,a', 'e,i', 'ə,ɔ', 't,ɔ', 'ə,e', 'i,ə', 'a,i', 'a,a']
l u	['k,a', 'b,d', 'k,d', 'b,s', 'b,e', 'e,v']
w u	['k,a', 'v,a', 't,a']
ʁ u	['k,a', 't,e', 'v,e', 'v,a', 'b,t', 'b,d', 't,f', 't,ʒ', 't,o', 't,d', 't,b', 'k,d', 't,t', 'v,ɛ', 't,ʃ', 't,a', 'v,d', 't,s', 'v,k', 't,p']
ɛ ə	['d,t', 's,d', 'k,s', 'ʒ,d', 'p,z', 'd,p', 'p,t', 'd,s', 's,ɛ', 'ʒ,s', 's,t', 's,k', 's,p', 'd,d', 'd,v', 'd,k', 's,s']
i e	['k,a', 'd,t', 'p,s', 'z,k', 's,d', 'k,s', 'ʒ,d', 'b,d', 'd,p', 'p,t', 'ʒ,t', 'd,s', 'd,f', 'd,œ̃', 't,f', 'd,ʒ', 't,ʒ', 't,v', 'z,t', 's,a', 'ʃ,s', 't,d', 't,b', 'd,e', 'k,d', 's,f', 'v,v', 'ʒ,k', 's,ɛ', 'd,ɡ', 't,t', 's,t', 'k,k', 'v,d', 's,k', 't,s', 'v,p', 'p,d', 's,p', 'b,s', 'd,d', 's,ʒ', 'd,v', 'f,k', 't,k', 'z,d', 'd,k', 'v,k', 't,p', 'd,z', 's,v', 's,ɡ', 'v,s', 'z,s', 's,b', 's,s']
i p	['k,a', 's,a', 's,ɛ', 's,i']
i u	['k,a', 'd,t', 'p,s', 's,d', 'k,s', 'ʒ,t', 'd,s', 't,f', 't,ʒ', 'k,t', 'v,f', 't,b', 'k,d', 's,f', 'v,v', 't,t', 's,t', 'v,d', 't,s', 'k,v', 'v,t', 'ʒ,e', 'v,p', 's,p', 'k,ʃ', 'k,p', 'v,k', 't,p', 'd,z', 's,v', 's,s']
a f	['i,ɛ', 'ɛ,ɛ', 'e,ɛ']
t f	['k,a', 'ɔ,i', 'i,i', 'ə,u', 'e,ɛ', 'i,ɛ', 'ə,ə', 'ɛ,ɔ', 'e,a', 'i,a', 'e,ɔ', 'u,ɛ', 's,a', 'i,e', 's,ɛ', 'ə,ɛ', 'ɛ,ɛ', 'ɛ,d', 'a,ɛ', 'ø,ɛ', 'o,i', 'ə,i', 'ə,a', 'ɔ,ɛ', 'ɛ,a', 'e,i', 'ə,ɔ', 'ə,e', 'a,ɔ', 'a,i', 'a,a', 's,ɔ']
e s	['ə,t', 't,ɛ', 't,e', 'u,t', 'i,k', 's,e', 's,ɛ', 't,a', 'k,k', 'i,t', 'd,a', 'ɛ,t', 'ɛ,k', 'i,p', 'i,ʒ', 't,p', 'a,t', 'b,k']
y s	['t,ɛ', 'b,t', 'k,t', 's,ɛ', 'k,p', 's,i', 't,p', 'k,i']
ʒ s	['ə,t', 'ɔ,i', 'i,i', 'ə,u', 'b,ɛ', 'a,ø', 'i,ɛ', 'ə,ə', 'a,u', 'i,a', 'a,ə', 'a,e', 's,e', 'œ̃,ɛ', 'e,u', 'a,d', 'i,e', 'ə,ɛ', 'a,ɛ', 'a,œ', 'e,ə', 'ə,i', 'ə,a', 'a,k', 'ɔ,e', 'ɛ,a', 'e,i', 'ə,e', 'ɛ,ə', 'a,ɔ', 'i,ə', 'e,ɛ', 'a,i', 'e,e', 'a,a', 'a,t']
e ʒ	['ə,t', 's,e', 'a,t']
s ʒ	['ə,t', 'ɔ,i', 'i,i', 'ə,u', 'b,ɛ', 'a,ø', 'i,ɛ', 'ə,ə', 'a,u', 'i,a', 'a,ə', 'a,e', 's,e', 'œ̃,ɛ', 'e,u', 'a,d', 'i,e', 'ə,ɛ', 'a,ɛ', 'a,œ', 'e,ə', 'ə,i', 'ə,a', 'a,k', 'ɔ,e', 'ɛ,a', 'e,i', 'ə,e', 'ɛ,ə', 'a,ɔ', 'i,ə', 'e,ɛ', 'a,i', 'e,e', 'a,a', 'a,t']
a ʒ	['i,ɛ', 'a,s', 'a,d', 'a,t']
s e	['ə,t', 't,ɛ', 't,e', 'u,t', 'i,k', 's,e', 's,ɛ', 't,a', 'k,k', 'i,t', 'd,a', 'ɛ,t', 'ɛ,k', 'i,p', 'i,ʒ', 't,p', 'a,t', 'b,k']
y e	['t,ɛ', 'd,t', 's,d', 'k,s', 'd,p', 'p,t', 'd,s', 'd,f', 'd,ʒ', 'd,b', 't,d', 'd,e', 's,f', 's,ɛ', 'd,ɡ', 't,t', 'ʒ,s', 't,a', 'v,d', 's,k', 't,s', 'd,a', 'd,i', 's,p', 'b,s', 'd,d', 's,ʒ', 'd,v', 'd,k', 't,p', 'd,ʃ', 'v,s', 's,b', 's,s']
ʒ e	['ə,t', 's,e', 'a,t']
a e	['z,v', 't,ɛ', 'd,t', 'p,s', 'z,k', 'v,ʒ', 's,d', 'k,s', 'ʃ,p', 'd,p', 'p,t', 'd,s', 't,ʒ', 'i,k', 'z,p', 'z,t', 's,a', 'ʃ,s', 'd,b', 'p,p', 't,d', 't,b', 'k,d', 'e,d', 'ʒ,k', 's,ɛ', 't,t', 'ʒ,v', 't,ʃ', 'i,s', 'ʒ,s', 's,t', 's,ʃ', 'k,k', 'v,d', 's,k', 't,s', 'i,t', 'e,k', 'ɛ,t', 'v,p', 'p,d', 's,p', 'b,s', 'd,d', 's,ʒ', 'e,p', 'i,d', 'ʃ,d', 'd,v', 'i,p', 't,k', 'z,d', 'ɛ,v', 'd,k', 'ʒ,p', 't,p', 'e,t', 's,v', 'v,s', 's,b', 'ʃ,k', 'a,t', 's,s']
o e	['d,t', 's,d', 'u,t', 'd,s', 'd,f', 'p,p', 't,d', 'e,d', 't,a', 's,k', 't,s', 'ɛ,t', 'p,d', 't,k', 'z,d', 'v,k', 't,p', 'e,t', 's,v', 'b,k', 's,s']
m l	['ɔ,i', 'i,i', 'u,ə', 'ɔ,ɔ', 'ɔ,t', 'i,ɛ', 'ɔ,d', 'a,p', 'ə,ə', 'ɛ,ɔ', 'e,a', 'i,a', 'a,ə', 'a,e', 'e,ɔ', 'ɛ,p', 'a,d', 'ɛ,i', 'i,e', 'i,s', 'ə,ɛ', 'ə,œ', 'ɛ,ɛ', 'ɛ,d', 'a,ɛ', 'ɛ,t', 'ə,i', 'u,a', 'ə,a', 'ɛ,k', 'ɔ,ɛ', 'i,d', 'a,k', 'ɔ,e', 'ɛ,a', 'e,i', 'i,ɔ', 'ə,ɔ', 'ə,e', 'ɔ,a', 'a,ɔ', 'i,ə', 'e,ɛ', 'a,i', 'ɛ,e', 'e,e', 'a,a', 'ɛ,u', 'ɛ,s']
s l	['ɔ,i', 'i,i', 'u,ə', 'b,ɛ', 'a,ø', 'ɔ,t', 'k,ə', 'ɛ,e', 'i,ɛ', 'a,p', 'ə,ə', 'ɛ,ɔ', 'e,a', 'i,a', 'a,ə', 'a,e', 'i,k', 'ɛ,p', 'u,ɛ', 'b,ɔ', 'a,d', 'ɛ,i', 'i,e', 'a,o', 'o,ə', 'ə,ɛ', 'ə,œ', 'ə,o', 'ɛ,ɛ', 'ɛ,d', 'i,t', 'a,ɛ', 'ɛ,t', 'a,œ', 'o,i', 'e,ə', 'ə,i', 'u,e', 'k,e', 'ə,a', 'ɛ,k', 'ɔ,ɛ', 'i,d', 'a,k', 'ɔ,e', 'ɛ,a', 'i,p', 'e,i', 'i,ɔ', 'ə,ɔ', 'ə,e', 'ɛ,ə', 'ɛ,œ', 'a,ɔ', 'ʒ,ə', 'k,ɛ', 'i,ə', 'ɛ,o', 'e,ɛ', 'k,i', 'a,i', 'e,e', 'a,a', 'a,t', 'b,k', 'ɛ,u', 'ɛ,s', 'i,f']
s p	['ɔ,i', 'i,i', 'ə,u', 'a,ø', 'ɔ,t', 'e,ɛ', 'i,ɛ', 'e,ø', 'ə,ə', 'e,a', 'a,u', 'i,a', 'œ̃,a', 'a,e', 'u,ɛ', 'œ̃,ɛ', 'e,u', 'a,d', 'i,e', 'u,i', 'a,o', 's,ɛ', 't,a', 'ə,ɛ', 'ə,o', 'ɛ,ɛ', 'o,a', 'a,ɛ', 'ɛ,t', 'a,œ', 'o,i', 'u,e', 'u,a', 'ə,a', 'ɔ,e', 'ɛ,a', 'e,i', 'ə,ø', 'ə,ɔ', 'ə,e', 's,i', 'a,ɔ', 'i,u', 'ɛ,o', 'a,i', 'ɛ,e', 'e,e', 'a,a', 'a,t', 'ɛ,u', 'ɛ,s']
ʃ p	['u,d', 'e,ɛ', 'e,a', 'i,a', 'a,e', 'u,ɛ', 'œ̃,ɛ', 'e,u', 'i,e', 'ə,ɛ', 'ə,o', 'o,a', 'a,ɛ', 'u,a', 'ə,a', 'ɛ,a', 'e,i', 'ɛ,e', 'e,e', 'a,a']
d f	['ɔ,i', 'i,i', 'u,ə', 'ə,u', 'i,ɛ', 'ə,ə', 'ɛ,ɔ', 'i,a', 'e,ɔ', 'u,ɛ', 'i,e', 'u,i', 's,ɛ', 'ə,ɛ', 'ɛ,ɛ', 'a,ɛ', 'ə,i', 'e,ø', 'e,a', 'e,i', 'i,ɔ', 'ə,ɔ', 't,ɔ', 'ə,e', 'i,ə', 'e,ɛ', 'a,i', 'a,a']
d p	['ɔ,i', 'i,i', 'ə,u', 'e,ø', 'ə,ə', 'e,a', 'a,u', 'i,a', 'a,e', 'ɛ,ø', 'e,ɔ', 's,e', 'œ̃,ɛ', 'e,u', 'i,e', 'u,i', 's,ɛ', 'ə,ɛ', 'ɛ,ɛ', 'o,a', 'a,ɛ', 'ə,i', 'ɔ,e', 'ɛ,a', 'e,i', 's,ə', 'ə,ø', 'ə,ɔ', 't,ɔ', 'ə,e', 'a,ɔ', 'i,u', 'e,ɛ', 'a,i', 'ɛ,e', 'ø,a', 'e,e', 'a,a']
d ʁ	['ɔ,i', 'i,i', 'u,ə', 't,ɛ', 'ə,u', 'œ̃,ə', 't,e', 'k,ə', 'i,ɛ', 'o,ɛ', 'ɔ,d', 'ə,ə', 'ɛ,ɔ', 'a,s', 'e,a', 't,i', 'a,u', 'i,a', 'a,ə', 'p,ə', 'a,e', 'u,ɛ', 's,e', 't,ə', 'ɡ,e', 'e,u', 'ɛ,i', 'i,e', 'u,i', 'e,ɔ', 's,ɛ', 'ɡ,ə', 'o,ə', 'ə,ɛ', 'ɛ,ɛ', 'o,a', 'a,ɛ', 'o,i', 'e,ə', 'ə,i', 'u,e', 'k,e', 'ɔ,ɛ', 'i,d', 'ɔ,e', 'ɛ,a', 'a,v', 'e,i', 's,ə', 'ə,ɔ', 'ə,e', 'b,ə', 'ɛ,ə', 'a,ɔ', 'i,ə', 'e,ɛ', 'a,i', 'ɛ,e', 'ø,a', 'ø,e', 'e,e', 'a,a']
f n	['ɔ,i', 'i,i', 'u,ə', 'ə,u', 'i,ɛ', 'ə,ə', 'ɛ,ɔ', 'e,a', 'i,a', 'i,k', 'e,ɔ', 'i,e', 'ə,ɛ', 'ə,o', 'ɛ,ɛ', 'ɛ,d', 'a,ɛ', 'ø,ɛ', 'ə,i', 'ə,a', 'ɔ,ɛ', 'ɛ,a', 'e,i', 'i,ɔ', 't,ɔ', 'ə,e', 'i,ə', 'e,ɛ', 'a,i', 'a,a']
f p	['ɔ,i', 'i,i', 'ə,u', 'e,ɛ', 'i,ɛ', 'ə,ə', 'ɛ,ɔ', 'e,a', 'i,a', 'e,ɔ', 's,a', 'u,i', 's,ɛ', 't,a', 'ə,ɛ', 'ə,o', 'ɛ,ɛ', 'a,ɛ', 'ə,a', 'ɛ,a', 'e,i', 'ə,ø', 'ə,ɔ', 't,ɔ', 'ə,e', 'a,ɔ', 'a,i', 'a,a', 's,ɔ']
l n	['ɔ,i', 'i,i', 'u,ə', 'ɔ,ɔ', 'i,ɛ', 'ə,ə', 'ɛ,ɔ', 'i,a', 'a,ə', 'a,e', 'i,k', 'ɛ,p', 'ɛ,i', 'i,e', 'a,o', 'ə,ɛ', 'ə,o', 'ɛ,ɛ', 'ɛ,d', 'a,ɛ', 'ɛ,t', 'a,œ', 'e,ə', 'ə,i', 'ə,a', 'ɛ,k', 'ɔ,ɛ', 'i,d', 'ɔ,e', 'u,u', 'ɛ,a', 'e,a', 'e,i', 'i,ɔ', 'ə,ɔ', 'ə,e', 'ɛ,ə', 'ɔ,a', 'a,ɔ', 'i,u', 'i,ə', 'e,ɛ', 'a,i', 'ɛ,e', 'e,e', 'a,a', 'ɛ,s']
n f	['ɔ,i', 'i,i', 'u,ə', 'ə,u', 'i,ɛ', 'ə,ə', 'ɛ,ɔ', 'e,a', 'i,a', 'i,k', 'e,ɔ', 'i,e', 'ə,ɛ', 'ə,o', 'ɛ,ɛ', 'ɛ,d', 'a,ɛ', 'ø,ɛ', 'ə,i', 'ə,a', 'ɔ,ɛ', 'ɛ,a', 'e,i', 'i,ɔ', 't,ɔ', 'ə,e', 'i,ə', 'e,ɛ', 'a,i', 'a,a']
p f	['ɔ,i', 'i,i', 'ə,u', 'e,ɛ', 'i,ɛ', 'ə,ə', 'ɛ,ɔ', 'e,a', 'i,a', 'e,ɔ', 's,a', 'u,i', 's,ɛ', 't,a', 'ə,ɛ', 'ə,o', 'ɛ,ɛ', 'a,ɛ', 'ə,a', 'ɛ,a', 'e,i', 'ə,ø', 'ə,ɔ', 't,ɔ', 'ə,e', 'a,ɔ', 'a,i', 'a,a', 's,ɔ']
s f	['ɔ,i', 'i,i', 'u,ə', 'ə,u', 'e,ɛ', 'i,ɛ', 'ə,ə', 'ɛ,ɔ', 'e,a', 'i,a', 'i,k', 'e,ɔ', 'u,ɛ', 'i,e', 's,ɛ', 'ə,ɛ', 'ə,œ', 'ə,o', 'ɛ,ɛ', 'a,ɛ', 'o,i', 'ə,i', 'ə,a', 'ɔ,ɛ', 'ɛ,a', 'e,i', 'i,ɔ', 'ə,ɔ', 't,ɔ', 'ə,e', 'i,ə', 'a,i', 'a,a']
ʁ n	['ɔ,i', 'i,i', 'u,ə', 't,ɛ', 'ɔ,ɔ', 'ə,u', 't,e', 't,u', 'i,ɛ', 'ɔ,d', 'ɔ,s', 'ə,ə', 'e,a', 't,i', 'a,u', 'i,a', 'a,ə', 'a,e', 'i,k', 'e,ɔ', 'ɛ,p', 't,ə', 'e,u', 'ɛ,i', 'i,e', 'a,o', 'v,ɛ', 'ə,ɛ', 'ə,o', 'ɛ,ɛ', 'ɛ,d', 'd,a', 'a,ɛ', 'ø,ɛ', 'ɛ,t', 'v,i', 'e,ə', 'ə,i', 'ə,a', 'ɛ,k', 'ɔ,ɛ', 'i,d', 'ɔ,e', 'ɛ,a', 'e,i', 's,ə', 'ɛ,f', 'ə,ɔ', 't,ɔ', 'u,ɔ', 'ə,e', 'ɛ,v', 'ɔ,a', 'a,ɔ', 'i,ə', 'e,ɛ', 'a,i', 'ɛ,e', 'e,e', 'a,a', 'ɛ,u', 'ɛ,s']
ʒ f	['ɔ,i', 'i,i', 'ə,u', 'i,ɛ', 'ə,ə', 'e,u', 'i,e', 'u,i', 'ə,ɛ', 'a,ɛ', 'ə,i', 'ə,a', 'ɔ,ɛ', 'e,a', 'e,i', 'ə,e', 'i,ə', 'e,ɛ', 'a,i', 'a,a']
ʒ l	['ɔ,i', 'i,i', 'b,ɛ', 'i,ɛ', 'ə,ə', 'a,s', 'i,a', 'a,ə', 'a,e', 'a,d', 'i,e', 'ə,ɛ', 'a,ɛ', 'a,œ', 'e,ə', 'ə,i', 'u,e', 'ə,a', 'ɔ,ɛ', 'a,k', 'ɔ,e', 'u,u', 'ɛ,a', 'e,a', 'e,i', 'ə,e', 'ɛ,ə', 'a,ɔ', 'i,ə', 'a,i', 'e,e', 'a,a', 'a,t']
ʒ n	['ɔ,i', 'i,i', 'ə,u', 'i,ɛ', 'ə,ə', 'a,u', 'i,a', 'a,ə', 'a,e', 'e,u', 'i,e', 'ə,ɛ', 'a,ɛ', 'a,œ', 'k,u', 'e,ə', 'ə,i', 'ə,a', 'ɔ,ɛ', 'ɔ,e', 'u,u', 'ɛ,a', 'e,a', 'e,i', 'ə,e', 'ɛ,ə', 'a,ɔ', 'i,ə', 'e,ɛ', 'a,i', 'e,e', 'a,a']
ʒ p	['ɔ,i', 'i,i', 'ə,u', 'œ̃,ə', 'a,ø', 't,u', 'i,ɛ', 'o,ø', 'ə,ə', 'a,u', 'i,a', 'a,e', 's,e', 'œ̃,ɛ', 'e,u', 'a,d', 'u,i', 'a,o', 'ə,ɛ', 'a,ɛ', 'a,œ', 'u,e', 'ə,a', 'u,u', 'ɛ,a', 'e,a', 'œ̃,ø', 'e,i', 'ə,ø', 'ə,e', 'a,ɔ', 'e,ɛ', 'a,i', 'e,e', 'a,a']
ʒ ʁ	['ɔ,i', 'i,i', 'ə,u', 'œ̃,ə', 't,u', 'i,ɛ', 'o,ɛ', 'e,ø', 'ə,ə', 'a,s', 'a,u', 'i,a', 'a,ə', 'u,ø', 'a,e', 's,e', 'e,u', 'a,d', 'i,e', 'u,i', 'ə,ɛ', 'a,ɛ', 'k,u', 'e,ə', 'ə,i', 'u,e', 'ə,a', 'ɔ,ɛ', 'a,k', 'ɔ,e', 'ɛ,a', 'e,a', 'e,i', 'ɡ,ɛ', 'ə,e', 'ɛ,ə', 'a,ɔ', 'i,ə', 'e,ɛ', 'a,i', 'e,e', 'a,a', 'a,t']
v n	['ɔ,i', 'i,i', 'u,ə', 'ə,u', 'i,ɛ', 'ə,ə', 'e,a', 't,i', 'a,u', 'i,a', 'a,ə', 'a,e', 'e,ɔ', 'e,u', 'ɛ,i', 'i,e', 'ə,ɛ', 'ɛ,ɛ', 'a,ɛ', 'ə,i', 'ə,a', 'u,u', 'ɛ,a', 'e,i', 'ə,ɔ', 'ə,e', 'a,ɔ', 'i,u', 'e,ɛ', 'a,i', 'ɛ,e', 'e,e', 'a,a', 'o,e', 'ɛ,u']
v p	['ɔ,i', 'i,i', 'ə,u', 'e,ɛ', 'i,ɛ', 'ə,ə', 'e,a', 'a,u', 'i,a', 'a,e', 'e,ɔ', 'u,ɛ', 'e,u', 'ə,ɛ', 'ə,o', 'o,a', 'a,ɛ', 'ə,i', 'u,e', 'ə,a', 'u,u', 'ɛ,a', 'e,i', 'ə,ø', 'ə,ɔ', 'a,ɔ', 'i,u', 'a,i', 'ɛ,e', 'e,e', 'a,a', 'ɛ,u']
v ʁ	['ɔ,i', 'i,i', 'u,ə', 'ə,u', 'e,ɛ', 'i,ɛ', 'o,ɛ', 'ə,ə', 'a,s', 'e,a', 't,i', 'a,u', 'i,a', 'a,ə', 'a,e', 'ɛ,p', 'u,ɛ', 'e,u', 'ɛ,i', 'i,e', 'a,o', 'ø,i', 't,a', 'ə,ɛ', 'ə,o', 'ɛ,ɛ', 'o,a', 'a,ɛ', 'k,u', 'ə,i', 'u,e', 'ə,a', 'i,d', 'ɛ,a', 'e,i', 'ə,ɔ', 'ə,e', 'a,ɔ', 'k,i', 'a,i', 'ɛ,e', 'e,e', 'a,a', 'ɛ,u']
b f	['ɔ,i', 'ə,u', 'e,ɛ', 'i,ɛ', 'ə,ə', 'e,a', 'e,u', 't,a', 'ə,ɛ', 'ɛ,ɛ', 'a,ɛ', 'ə,a', 'ɔ,ɛ', 'a,ɔ', 'a,i', 'a,a']
b l	['ɔ,i', 'ɔ,t', 'i,ɛ', 'ə,ə', 'a,s', 'e,a', 'i,a', 'a,ə', 'ə,ɛ', 'ɛ,ɛ', 'a,ɛ', 'ə,a', 'ɔ,ɛ', 'ɔ,e', 'ɛ,a', 'e,i', 'ə,ɔ', 'ɔ,a', 'a,ɔ', 'a,i', 'a,a']
b ʁ	['ɔ,i', 'ə,u', 'ɔ,t', 'ɔ,s', 'ə,ə', 'a,s', 'e,a', 'i,a', 'a,ə', 'ɔ,ʒ', 't,a', 'ə,ɛ', 'ɛ,ɛ', 'o,a', 'a,ɛ', 'ə,a', 'ɔ,ɛ', 'ɔ,e', 'ɛ,a', 'e,i', 'ə,ɔ', 'ə,e', 'e,o', 'ɔ,a', 'a,ɔ', 'a,i', 'a,a']
v f	['ɔ,i', 'i,i', 'u,ə', 'ə,u', 'i,ɛ', 'o,ɛ', 'ə,ə', 'e,a', 'i,a', 'e,ɔ', 'u,ɛ', 'i,e', 'ə,ɛ', 'ə,o', 'ɛ,ɛ', 'a,ɛ', 'ə,i', 'ə,a', 'e,i', 'ə,ø', 'i,ɔ', 'ə,ɔ', 'ə,e', 'a,ɔ', 'e,ɛ', 'a,i', 'a,a']
v l	['ɔ,i', 'i,i', 'u,ə', 'e,ɛ', 'i,ɛ', 'ə,ə', 'e,a', 'i,a', 'a,ə', 'a,e', 'e,ɔ', 'ɛ,p', 'u,ɛ', 'ɛ,i', 'i,e', 'ə,ɛ', 'ə,o', 'ɛ,ɛ', 'a,ɛ', 'o,i', 'ə,i', 'u,e', 'ə,a', 'i,d', 'ɛ,a', 'e,i', 'i,ɔ', 'ə,ɔ', 'ə,e', 'a,ɔ', 'i,u', 'a,i', 'ɛ,e', 'e,e', 'a,a']
m ʁ	['ɔ,i', 'i,i', 'u,ə', 't,ɛ', 'ə,u', 't,e', 'ɔ,t', 't,u', 'i,ɛ', 'o,ɛ', 'ɔ,d', 'ɔ,s', 'ə,ə', 'ɛ,ɔ', 'ɔ,p', 'a,s', 'e,a', 'a,u', 'ɛ,b', 'i,a', 'a,ə', 'a,e', 'e,ɔ', 'ɛ,p', 'a,d', 'ɛ,i', 'i,e', 'o,ə', 'i,s', 't,a', 'ə,ɛ', 'ə,o', 'ɛ,ɛ', 'ɛ,d', 'o,a', 'a,ɛ', 'ɛ,t', 'd,i', 'o,i', 'ə,i', 'u,a', 'ə,a', 'ɛ,k', 'ɔ,ɛ', 'i,d', 'a,k', 'ɔ,e', 'ɛ,a', 'd,ɛ', 'e,i', 'ɔ,b', 'ə,ɔ', 't,ɔ', 'ə,e', 'ɔ,a', 'ɔ,o', 'a,ɔ', 'i,ə', 'ɛ,o', 'e,ɛ', 'k,i', 'a,i', 'ɛ,e', 'ø,a', 'e,e', 'a,a', 'ɔ,k', 'ɛ,u', 'ɛ,s']
k f	['i,i', 'ə,u', 'e,ɛ', 'i,ɛ', 'ə,ə', 'ɛ,ɔ', 'e,a', 'i,a', 'e,ɔ', 's,a', 'i,e', 'u,i', 's,ɛ', 'ə,ɛ', 'ə,o', 'ɛ,ɛ', 'a,ɛ', 'o,i', 'ə,i', 'ə,a', 'ɛ,a', 'e,i', 'ə,ɔ', 'a,ɔ', 'i,ə', 'a,i', 'a,a', 's,ɔ']
k l	['i,i', 'ɔ,t', 'i,ɛ', 'ə,ə', 'ɛ,ɔ', 'a,s', 'e,a', 'i,a', 'a,ə', 'a,e', 'i,k', 'e,ɔ', 'ɛ,p', 'u,ɛ', 's,a', 'a,d', 'ɛ,i', 'i,e', 'i,s', 'ə,ɛ', 'ə,œ', 'ɛ,ɛ', 'ɛ,d', 'i,t', 'a,ɛ', 'ɛ,t', 'i,ʃ', 'o,i', 'e,ə', 'ə,i', 'ə,a', 'ɛ,k', 'i,d', 'ɔ,e', 'u,u', 'ɛ,a', 'e,i', 's,ə', 'ɛ,f', 'ə,ɔ', 'ɛ,ə', 'ɔ,a', 'a,ɔ', 'i,u', 'i,ə', 'e,ɛ', 'k,i', 'a,i', 'a,a', 'a,t', 'ɛ,u', 'ɛ,s', 'ɛ,œ̃', 'i,f']
m f	['ɔ,i', 'i,i', 'ə,u', 'e,ɛ', 'i,ɛ', 'ə,ə', 'ɛ,ɔ', 'e,a', 'i,a', 'e,ɔ', 's,ɛ', 't,a', 'ə,ɛ', 'ə,o', 'ɛ,ɛ', 'ɛ,d', 'a,ɛ', 'ø,ɛ', 'o,i', 'ə,i', 'ə,a', 'ɔ,ɛ', 'ɛ,a', 'e,i', 'ə,ø', 'i,ɔ', 'ə,ɔ', 't,ɔ', 'ə,e', 'a,ɔ', 'a,i', 'a,a']
f s	['ɔ,i', 'i,i', 'u,ə', 'ə,u', 'e,ɛ', 'i,ɛ', 'ə,ə', 'ɛ,ɔ', 'e,a', 'i,a', 'i,k', 'e,ɔ', 'u,ɛ', 'i,e', 's,ɛ', 'ə,ɛ', 'ə,œ', 'ə,o', 'ɛ,ɛ', 'a,ɛ', 'o,i', 'ə,i', 'ə,a', 'ɔ,ɛ', 'ɛ,a', 'e,i', 'i,ɔ', 'ə,ɔ', 't,ɔ', 'ə,e', 'i,ə', 'a,i', 'a,a']
l s	['ɔ,i', 'i,i', 'u,ə', 'b,ɛ', 'a,ø', 'ɔ,t', 'k,ə', 'ɛ,e', 'i,ɛ', 'a,p', 'ə,ə', 'ɛ,ɔ', 'e,a', 'i,a', 'a,ə', 'a,e', 'i,k', 'ɛ,p', 'u,ɛ', 'b,ɔ', 'a,d', 'ɛ,i', 'i,e', 'a,o', 'o,ə', 'ə,ɛ', 'ə,œ', 'ə,o', 'ɛ,ɛ', 'ɛ,d', 'i,t', 'a,ɛ', 'ɛ,t', 'a,œ', 'o,i', 'e,ə', 'ə,i', 'u,e', 'k,e', 'ə,a', 'ɛ,k', 'ɔ,ɛ', 'i,d', 'a,k', 'ɔ,e', 'ɛ,a', 'i,p', 'e,i', 'i,ɔ', 'ə,ɔ', 'ə,e', 'ɛ,ə', 'ɛ,œ', 'a,ɔ', 'ʒ,ə', 'k,ɛ', 'i,ə', 'ɛ,o', 'e,ɛ', 'k,i', 'a,i', 'e,e', 'a,a', 'a,t', 'b,k', 'ɛ,u', 'ɛ,s', 'i,f']
p s	['ɔ,i', 'i,i', 'ə,u', 'a,ø', 'ɔ,t', 'e,ɛ', 'i,ɛ', 'e,ø', 'ə,ə', 'e,a', 'a,u', 'i,a', 'œ̃,a', 'a,e', 'u,ɛ', 'œ̃,ɛ', 'e,u', 'a,d', 'i,e', 'u,i', 'a,o', 's,ɛ', 't,a', 'ə,ɛ', 'ə,o', 'ɛ,ɛ', 'o,a', 'a,ɛ', 'ɛ,t', 'a,œ', 'o,i', 'u,e', 'u,a', 'ə,a', 'ɔ,e', 'ɛ,a', 'e,i', 'ə,ø', 'ə,ɔ', 'ə,e', 's,i', 'a,ɔ', 'i,u', 'ɛ,o', 'a,i', 'ɛ,e', 'e,e', 'a,a', 'a,t', 'ɛ,u', 'ɛ,s']
b s	['ɔ,i', 'ə,u', 'ɔ,t', 'e,ɛ', 'ə,ə', 'e,a', 'i,a', 'a,ə', 'ə,ɛ', 'ɛ,ɛ', 'a,ɛ', 'ə,a', 'ɔ,e', 'ɛ,a', 'e,i', 'ə,ɔ', 'ə,e', 'œ̃,i', 'a,ɔ', 'i,u', 'a,i', 'a,a']
s t	['ɔ,i', 'i,i', 't,ɛ', 'ə,u', 'i,ɛ', 'u,p', 'ə,ə', 'ɛ,ɔ', 'e,a', 'u,s', 'a,u', 'i,a', 'a,e', 'e,ɔ', 'o,ɔ', 'ɛ,p', 'u,ɛ', 's,e', 'œ̃,ɛ', 'e,u', 'a,d', 'ɛ,i', 'i,e', 'a,o', 'i,o', 's,ɛ', 'ə,ɛ', 'ɛ,ɛ', 'ɛ,d', 'i,t', 'a,ɛ', 'ɛ,t', 'a,œ', 'o,i', 'ə,i', 'u,e', 'u,a', 'k,e', 'ə,a', 'ɛ,k', 'ɔ,ɛ', 'i,d', 'ɔ,e', 'ɛ,a', 'e,i', 'i,p', 'ə,ɔ', 'ə,e', 'ɛ,œ', 'ɛ,v', 's,i', 'a,ɔ', 'k,ɛ', 'i,u', 'ɛ,o', 'e,ɛ', 'k,i', 'a,i', 'ɛ,e', 'e,e', 'a,a', 'o,e', 'ɛ,u', 'i,f']
t s	['ɔ,i', 'i,i', 't,ɛ', 'ə,u', 'e,ɛ', 'i,ɛ', 'u,p', 'ə,ə', 'ɛ,ɔ', 'e,a', 'u,s', 'a,u', 'i,a', 'a,e', 'e,ɔ', 'o,ɔ', 'ɛ,p', 'u,ɛ', 's,e', 'œ̃,ɛ', 'e,u', 'a,d', 'ɛ,i', 'i,e', 'a,o', 'i,o', 's,ɛ', 'ə,ɛ', 'ɛ,ɛ', 'ɛ,d', 'i,t', 'a,ɛ', 'ɛ,t', 'a,œ', 'o,i', 'ə,i', 'u,e', 'u,a', 'k,e', 'ə,a', 'ɛ,k', 'ɔ,ɛ', 'i,d', 'ɔ,e', 'ɛ,a', 'e,i', 'i,p', 'ə,ɔ', 'ə,e', 'ɛ,œ', 'ɛ,v', 's,i', 'a,ɔ', 'k,ɛ', 'i,u', 'ɛ,o', 'k,i', 'a,i', 'ɛ,e', 'e,e', 'a,a', 'o,e', 'ɛ,u', 'i,f']
v s	['ɔ,i', 'i,i', 'u,ə', 'ə,u', 'e,ɛ', 'i,ɛ', 'o,ɛ', 'ə,ə', 'e,a', 't,i', 'a,u', 'i,a', 'a,ə', 'a,e', 'e,ɔ', 'ɛ,p', 'u,ɛ', 'e,u', 'ɛ,i', 'i,e', 'a,o', 'ə,ɛ', 'ɛ,ɛ', 'a,ɛ', 'o,i', 'ə,i', 'u,e', 'ə,a', 'ɛ,a', 'e,i', 'ə,ø', 'i,ɔ', 'ə,ɔ', 'ə,e', 'a,ɔ', 'i,u', 'k,i', 'a,i', 'ɛ,e', 'e,e', 'a,a', 'ɛ,u']
v t	['ɔ,i', 'i,i', 'ə,u', 'i,ɛ', 'o,ɛ', 'a,s', 'a,u', 'i,a', 'a,e', 'e,ɔ', 'ɛ,p', 'u,ɛ', 'e,u', 'ɛ,i', 'i,e', 'u,o', 'ə,ɛ', 'ɛ,ɛ', 'a,ɛ', 'ə,i', 'u,e', 'ə,a', 'i,d', 'u,u', 'ɛ,a', 'e,a', 'e,i', 'ə,e', 'i,u', 'e,ɛ', 'a,i', 'ɛ,e', 'e,e', 'a,a', 'o,e', 'ɛ,u']
b m	['ɔ,i', 'ə,u', 'ɔ,t', 'i,ɛ', 'ɔ,s', 'ə,ə', 'a,s', 'e,a', 'a,u', 'i,a', 'a,ə', 't,a', 'ə,ɛ', 'ɛ,ɛ', 'a,ɛ', 'ə,a', 'ɔ,ɛ', 'ɔ,e', 'ɛ,a', 'e,i', 'e,o', 'ə,ɔ', 'ə,e', 'ɔ,a', 'a,ɔ', 'a,i', 'a,a']
l m	['ɔ,i', 'i,i', 'u,ə', 'ɔ,ɔ', 'a,d', 'ɔ,t', 'i,ɛ', 'ɔ,d', 'a,p', 'ə,ə', 'ɛ,ɔ', 'e,a', 'i,a', 'a,ə', 'a,e', 'e,ɔ', 'ɛ,p', 'ɛ,i', 'i,e', 'i,s', 'ə,ɛ', 'ə,œ', 'ɛ,ɛ', 'ɛ,d', 'a,ɛ', 'ɛ,t', 'ə,i', 'u,a', 'ə,a', 'ɛ,k', 'ɔ,ɛ', 'i,d', 'a,k', 'ɔ,e', 'ɛ,a', 'e,i', 'i,ɔ', 'ə,ɔ', 'ə,e', 'ɔ,a', 'a,ɔ', 'i,ə', 'e,ɛ', 'a,i', 'ɛ,e', 'e,e', 'a,a', 'ɛ,u', 'ɛ,s']
ʒ m	['ɔ,i', 'i,i', 'ə,u', 'i,ɛ', 'ə,ə', 'a,s', 'a,u', 'i,a', 'a,ə', 'a,e', 'œ̃,ɛ', 'a,d', 'i,e', 'ə,ɛ', 'a,ɛ', 'ə,i', 'ə,a', 'ɔ,ɛ', 'a,k', 'ɛ,a', 'œ̃,u', 'e,a', 'e,i', 'ə,ø', 'ə,e', 'i,ə', 'e,ɛ', 'a,i', 'e,e', 'a,a']
ʁ m	['ɔ,i', 'i,i', 'u,ə', 't,ɛ', 'ə,u', 't,e', 'ɔ,t', 't,u', 'i,ɛ', 'o,ɛ', 'ɔ,d', 'ɔ,s', 'ə,ə', 'ɛ,ɔ', 'ɔ,p', 'a,s', 'e,a', 'a,u', 'ɛ,b', 'i,a', 'a,ə', 'a,e', 'e,ɔ', 'ɛ,p', 'a,d', 'ɛ,i', 'i,e', 'o,ə', 'i,s', 't,a', 'ə,ɛ', 'ə,o', 'ɛ,ɛ', 'ɛ,d', 'o,a', 'a,ɛ', 'ɛ,t', 'd,i', 'o,i', 'ə,i', 'u,a', 'ə,a', 'ɛ,k', 'ɔ,ɛ', 'i,d', 'a,k', 'ɔ,e', 'ɛ,a', 'd,ɛ', 'e,i', 'ɔ,b', 'ə,ɔ', 't,ɔ', 'ə,e', 'ɔ,a', 'ɔ,o', 'a,ɔ', 'i,ə', 'ɛ,o', 'e,ɛ', 'k,i', 'a,i', 'ɛ,e', 'ø,a', 'e,e', 'a,a', 'ɔ,k', 'ɛ,u', 'ɛ,s']
f m	['ɔ,i', 'i,i', 'ə,u', 'e,ɛ', 'i,ɛ', 'ə,ə', 'ɛ,ɔ', 'e,a', 'i,a', 'e,ɔ', 's,ɛ', 't,a', 'ə,ɛ', 'ə,o', 'ɛ,ɛ', 'ɛ,d', 'a,ɛ', 'ø,ɛ', 'o,i', 'ə,i', 'ə,a', 'ɔ,ɛ', 'ɛ,a', 'e,i', 'ə,ø', 'i,ɔ', 'ə,ɔ', 't,ɔ', 'ə,e', 'a,ɔ', 'a,i', 'a,a']
v m	['ɔ,i', 'i,i', 'u,ə', 'ə,u', 'e,ɛ', 'i,ɛ', 'o,ɛ', 'ə,ə', 'a,s', 'e,a', 'a,u', 'i,a', 'a,e', 'e,ɔ', 'ɛ,i', 'ə,ɛ', 'ɛ,ɛ', 'o,a', 'a,ɛ', 'ə,i', 'ə,a', 'i,d', 'e,i', 'ə,ø', 'ə,ɔ', 'ə,e', 'k,i', 'a,i', 'ɛ,e', 'e,e', 'a,a']
ʃ s	['i,ɛ', 'ə,ə', 'i,a', 'a,e', 'u,ɛ', 'œ̃,ɛ', 'e,u', 'ɛ,i', 'i,e', 'ə,ɛ', 'ə,o', 'o,a', 'a,ɛ', 'u,e', 'u,a', 'ə,a', 'ɔ,ɛ', 'ɔ,e', 'ɛ,a', 'e,i', 'ə,e', 'ɛ,œ', 'k,ɛ', 'ɛ,e', 'e,e', 'a,a', 'a,t']
b d	['ɔ,i', 'ə,u', 'ə,ə', 'a,s', 'a,u', 'i,a', 'a,ə', 'ə,ɛ', 'ɛ,ɛ', 'o,a', 'a,ɛ', 'ɔ,ɛ', 'ɔ,e', 'ɛ,a', 'e,a', 'e,i', 'ə,ɔ', 'ə,e', 'a,ɔ', 'a,i', 'a,a']
f d	['ɔ,i', 'i,i', 'u,ə', 'ə,u', 'i,ɛ', 'ə,ə', 'ɛ,ɔ', 'i,a', 'e,ɔ', 'u,ɛ', 'i,e', 'u,i', 's,ɛ', 'ə,ɛ', 'ɛ,ɛ', 'a,ɛ', 'ə,i', 'e,ø', 'e,a', 'e,i', 'i,ɔ', 'ə,ɔ', 't,ɔ', 'ə,e', 'i,ə', 'e,ɛ', 'a,i', 'a,a']
p d	['ɔ,i', 'i,i', 'ə,u', 'e,ø', 'ə,ə', 'e,a', 'a,u', 'i,a', 'a,e', 'ɛ,ø', 'e,ɔ', 's,e', 'œ̃,ɛ', 'e,u', 'i,e', 'u,i', 's,ɛ', 'ə,ɛ', 'ɛ,ɛ', 'o,a', 'a,ɛ', 'ə,i', 'ɔ,e', 'ɛ,a', 'e,i', 's,ə', 'ə,ø', 'ə,ɔ', 't,ɔ', 'ə,e', 'a,ɔ', 'i,u', 'e,ɛ', 'a,i', 'ɛ,e', 'ø,a', 'e,e', 'a,a']
v d	['ɔ,i', 'i,i', 'u,ə', 'ə,u', 'e,ɛ', 'i,ɛ', 'ə,ə', 'a,s', 'e,a', 't,i', 'a,u', 'i,a', 'a,ə', 'a,e', 'e,ɔ', 'u,ɛ', 'e,u', 'ɛ,i', 'i,e', 'ə,ɛ', 'ɛ,ɛ', 'o,a', 'a,ɛ', 'o,i', 'ə,i', 'u,e', 'i,d', 'e,i', 'ə,ø', 'ə,e', 'i,u', 'a,i', 'ɛ,e', 'e,e', 'a,a', 'o,e']
ʁ d	['ɔ,i', 'i,i', 'u,ə', 't,ɛ', 'ə,u', 'œ̃,ə', 't,e', 'k,ə', 'i,ɛ', 'o,ɛ', 'ɔ,d', 'ə,ə', 'ɛ,ɔ', 'a,s', 'e,a', 't,i', 'a,u', 'i,a', 'a,ə', 'p,ə', 'a,e', 'u,ɛ', 's,e', 't,ə', 'ɡ,e', 'e,u', 'ɛ,i', 'i,e', 'u,i', 'e,ɔ', 's,ɛ', 'ɡ,ə', 'o,ə', 'ə,ɛ', 'ɛ,ɛ', 'o,a', 'a,ɛ', 'o,i', 'e,ə', 'ə,i', 'u,e', 'k,e', 'ɔ,ɛ', 'i,d', 'ɔ,e', 'ɛ,a', 'a,v', 'e,i', 's,ə', 'ə,ɔ', 'ə,e', 'b,ə', 'ɛ,ə', 'a,ɔ', 'i,ə', 'e,ɛ', 'a,i', 'ɛ,e', 'ø,a', 'ø,e', 'e,e', 'a,a']
l ʒ	['ɔ,i', 'i,i', 'b,ɛ', 'i,ɛ', 'ə,ə', 'a,s', 'i,a', 'a,ə', 'a,e', 'a,d', 'i,e', 'ə,ɛ', 'a,ɛ', 'a,œ', 'e,ə', 'ə,i', 'u,e', 'ə,a', 'ɔ,ɛ', 'a,k', 'ɔ,e', 'u,u', 'ɛ,a', 'e,a', 'e,i', 'ə,e', 'ɛ,ə', 'a,ɔ', 'i,ə', 'a,i', 'e,e', 'a,a', 'a,t']
m ʒ	['ɔ,i', 'i,i', 'ə,u', 'i,ɛ', 'ə,ə', 'a,s', 'a,u', 'i,a', 'a,ə', 'a,e', 'œ̃,ɛ', 'a,d', 'i,e', 'ə,ɛ', 'a,ɛ', 'ə,i', 'ə,a', 'ɔ,ɛ', 'a,k', 'ɛ,a', 'œ̃,u', 'e,a', 'e,i', 'ə,ø', 'ə,e', 'i,ə', 'e,ɛ', 'a,i', 'e,e', 'a,a']
ʁ ʒ	['ɔ,i', 'i,i', 'ə,u', 'œ̃,ə', 't,u', 'i,ɛ', 'o,ɛ', 'e,ø', 'ə,ə', 'a,s', 'a,u', 'i,a', 'a,ə', 'u,ø', 'a,e', 's,e', 'e,u', 'a,d', 'i,e', 'u,i', 'ə,ɛ', 'a,ɛ', 'k,u', 'e,ə', 'ə,i', 'u,e', 'ə,a', 'ɔ,ɛ', 'a,k', 'ɔ,e', 'ɛ,a', 'e,a', 'e,i', 'ɡ,ɛ', 'ə,e', 'ɛ,ə', 'a,ɔ', 'i,ə', 'e,ɛ', 'a,i', 'e,e', 'a,a', 'a,t']
k d	['i,i', 'ə,u', 'i,ɛ', 'ɔ,d', 'ə,ə', 'ɛ,ɔ', 'a,s', 'e,a', 'a,u', 'i,a', 'a,ə', 'ø,ə', 'a,e', 'e,ɔ', 't,ə', 'e,u', 'ɛ,i', 'i,e', 'u,i', 's,ɛ', 'ø,i', 'o,ə', 'ə,ɛ', 'ɛ,ɛ', 'o,a', 'a,ɛ', 'o,i', 'e,ə', 'ə,i', 'i,d', 'ɔ,e', 'ɛ,a', 'e,i', 's,ə', 'ə,ɔ', 'ɛ,ə', 'œ̃,i', 'a,ɔ', 'i,ə', 'e,ɛ', 'a,i', 'a,a', 'z,ə']
d ʒ	['ɔ,i', 'i,i', 'ə,u', 'a,ø', 'i,ɛ', 'o,ɛ', 'ə,ə', 'a,s', 'a,u', 'i,a', 'a,ə', 'a,e', 's,e', 'œ̃,ɛ', 'i,e', 'u,i', 'a,o', 'ə,ɛ', 'a,ɛ', 'e,ə', 'ə,i', 'u,e', 'e,ø', 'ɔ,ɛ', 'ɛ,a', 'e,a', 'e,i', 'ə,ø', 'ə,e', 'ɛ,ə', 'a,ɔ', 'i,ə', 'e,ɛ', 'a,i', 'e,e', 'a,a']
f ʒ	['ɔ,i', 'i,i', 'ə,u', 'i,ɛ', 'ə,ə', 'e,u', 'i,e', 'u,i', 'ə,ɛ', 'a,ɛ', 'ə,i', 'ə,a', 'ɔ,ɛ', 'e,a', 'e,i', 'ə,e', 'i,ə', 'e,ɛ', 'a,i', 'a,a']
n ʒ	['ɔ,i', 'i,i', 'ə,u', 'i,ɛ', 'ə,ə', 'a,u', 'i,a', 'a,ə', 'a,e', 'e,u', 'i,e', 'ə,ɛ', 'a,ɛ', 'a,œ', 'k,u', 'e,ə', 'ə,i', 'ə,a', 'ɔ,ɛ', 'ɔ,e', 'u,u', 'ɛ,a', 'e,a', 'e,i', 'ə,e', 'ɛ,ə', 'a,ɔ', 'i,ə', 'e,ɛ', 'a,i', 'e,e', 'a,a']
ʒ d	['ɔ,i', 'i,i', 'ə,u', 'a,ø', 'i,ɛ', 'o,ɛ', 'ə,ə', 'a,s', 'a,u', 'i,a', 'a,ə', 'a,e', 's,e', 'œ̃,ɛ', 'i,e', 'u,i', 'a,o', 'ə,ɛ', 'a,ɛ', 'e,ə', 'ə,i', 'u,e', 'e,ø', 'ɔ,ɛ', 'ɛ,a', 'e,a', 'e,i', 'ə,ø', 'ə,e', 'ɛ,ə', 'a,ɔ', 'i,ə', 'e,ɛ', 'a,i', 'e,e', 'a,a']
p ʒ	['ɔ,i', 'i,i', 'ə,u', 'œ̃,ə', 'a,ø', 't,u', 'i,ɛ', 'o,ø', 'ə,ə', 'a,u', 'i,a', 'a,e', 's,e', 'œ̃,ɛ', 'e,u', 'a,d', 'u,i', 'a,o', 'ə,ɛ', 'a,ɛ', 'a,œ', 'u,e', 'ə,a', 'u,u', 'ɛ,a', 'e,a', 'œ̃,ø', 'e,i', 'ə,ø', 'ə,e', 'a,ɔ', 'e,ɛ', 'a,i', 'e,e', 'a,a']
v ʒ	['ɔ,i', 'i,i', 'ə,u', 'i,ɛ', 'o,ɛ', 'ə,ə', 'a,s', 'a,u', 'i,a', 'a,ə', 'a,e', 'i,e', 'ə,ɛ', 'a,ɛ', 'k,u', 'ə,i', 'u,e', 'ə,a', 'u,u', 'ɛ,a', 'e,a', 'e,i', 'ə,ø', 'ə,e', 'a,ɔ', 'e,ɛ', 'a,i', 'e,e', 'a,a']
b v	['ɔ,i', 'ə,u', 'i,ɛ', 'a,s', 'e,a', 'a,u', 'i,a', 'ə,ɛ', 'ɛ,ɛ', 'o,a', 'a,ɛ', 'ə,a', 'ɛ,a', 'e,i', 'ə,ɔ', 'ə,e', 'a,ɔ', 'i,u', 'a,i', 'a,a']
d v	['ɔ,i', 'i,i', 'u,ə', 'ə,u', 'e,ɛ', 'i,ɛ', 'ə,ə', 'a,s', 'e,a', 't,i', 'a,u', 'i,a', 'a,ə', 'a,e', 'e,ɔ', 'u,ɛ', 'e,u', 'ɛ,i', 'i,e', 'ə,ɛ', 'ɛ,ɛ', 'o,a', 'a,ɛ', 'o,i', 'ə,i', 'u,e', 'i,d', 'e,i', 'ə,ø', 'ə,e', 'i,u', 'a,i', 'ɛ,e', 'e,e', 'a,a', 'o,e']
f v	['ɔ,i', 'i,i', 'u,ə', 'ə,u', 'i,ɛ', 'o,ɛ', 'ə,ə', 'e,a', 'i,a', 'e,ɔ', 'u,ɛ', 'i,e', 'ə,ɛ', 'ə,o', 'ɛ,ɛ', 'a,ɛ', 'ə,i', 'ə,a', 'e,i', 'ə,ø', 'i,ɔ', 'ə,ɔ', 'ə,e', 'a,ɔ', 'e,ɛ', 'a,i', 'a,a']
l v	['ɔ,i', 'i,i', 'u,ə', 'e,ɛ', 'i,ɛ', 'ə,ə', 'e,a', 'i,a', 'a,ə', 'a,e', 'e,ɔ', 'ɛ,p', 'u,ɛ', 'ɛ,i', 'i,e', 'ə,ɛ', 'ə,o', 'ɛ,ɛ', 'a,ɛ', 'o,i', 'ə,i', 'u,e', 'ə,a', 'i,d', 'ɛ,a', 'e,i', 'i,ɔ', 'ə,ɔ', 'ə,e', 'a,ɔ', 'i,u', 'a,i', 'ɛ,e', 'e,e', 'a,a']
p v	['ɔ,i', 'i,i', 'ə,u', 'e,ɛ', 'i,ɛ', 'ə,ə', 'e,a', 'a,u', 'i,a', 'a,e', 'e,ɔ', 'u,ɛ', 'e,u', 'ə,ɛ', 'ə,o', 'o,a', 'a,ɛ', 'ə,i', 'u,e', 'ə,a', 'u,u', 'ɛ,a', 'e,i', 'ə,ø', 'ə,ɔ', 'a,ɔ', 'i,u', 'a,i', 'ɛ,e', 'e,e', 'a,a', 'ɛ,u']
s v	['ɔ,i', 'i,i', 'u,ə', 'ə,u', 'e,ɛ', 'i,ɛ', 'o,ɛ', 'ə,ə', 'e,a', 't,i', 'a,u', 'i,a', 'a,ə', 'a,e', 'e,ɔ', 'ɛ,p', 'u,ɛ', 'e,u', 'ɛ,i', 'i,e', 'a,o', 'ə,ɛ', 'ɛ,ɛ', 'a,ɛ', 'o,i', 'ə,i', 'u,e', 'ə,a', 'ɛ,a', 'e,i', 'ə,ø', 'i,ɔ', 'ə,ɔ', 'ə,e', 'a,ɔ', 'i,u', 'k,i', 'a,i', 'ɛ,e', 'e,e', 'a,a', 'ɛ,u']
t v	['ɔ,i', 'i,i', 'ə,u', 'i,ɛ', 'o,ɛ', 'a,s', 'a,u', 'i,a', 'a,e', 'e,ɔ', 'ɛ,p', 'u,ɛ', 'e,u', 'ɛ,i', 'i,e', 'u,o', 'ə,ɛ', 'ɛ,ɛ', 'a,ɛ', 'ə,i', 'u,e', 'ə,a', 'i,d', 'u,u', 'ɛ,a', 'e,a', 'e,i', 'ə,e', 'i,u', 'e,ɛ', 'a,i', 'ɛ,e', 'e,e', 'a,a', 'o,e', 'ɛ,u']
ʁ v	['ɔ,i', 'i,i', 'u,ə', 'ə,u', 'e,ɛ', 'i,ɛ', 'o,ɛ', 'ə,ə', 'a,s', 'e,a', 't,i', 'a,u', 'i,a', 'a,ə', 'a,e', 'ɛ,p', 'u,ɛ', 'e,u', 'ɛ,i', 'i,e', 'a,o', 'ø,i', 't,a', 'ə,ɛ', 'ə,o', 'ɛ,ɛ', 'o,a', 'a,ɛ', 'k,u', 'ə,i', 'u,e', 'ə,a', 'i,d', 'ɛ,a', 'e,i', 'ə,ɔ', 'ə,e', 'a,ɔ', 'k,i', 'a,i', 'ɛ,e', 'e,e', 'a,a', 'ɛ,u']
n v	['ɔ,i', 'i,i', 'u,ə', 'ə,u', 'i,ɛ', 'ə,ə', 'e,a', 't,i', 'a,u', 'i,a', 'a,ə', 'a,e', 'e,ɔ', 'e,u', 'ɛ,i', 'i,e', 'ə,ɛ', 'ɛ,ɛ', 'a,ɛ', 'ə,i', 'ə,a', 'u,u', 'ɛ,a', 'e,i', 'ə,ɔ', 'ə,e', 'a,ɔ', 'i,u', 'e,ɛ', 'a,i', 'ɛ,e', 'e,e', 'a,a', 'o,e', 'ɛ,u']
m v	['ɔ,i', 'i,i', 'u,ə', 'ə,u', 'e,ɛ', 'i,ɛ', 'o,ɛ', 'ə,ə', 'a,s', 'e,a', 'a,u', 'i,a', 'a,e', 'e,ɔ', 'ɛ,i', 'ə,ɛ', 'ɛ,ɛ', 'o,a', 'a,ɛ', 'ə,i', 'ə,a', 'i,d', 'e,i', 'ə,ø', 'ə,ɔ', 'ə,e', 'k,i', 'a,i', 'ɛ,e', 'e,e', 'a,a']
ʒ v	['ɔ,i', 'i,i', 'ə,u', 'i,ɛ', 'o,ɛ', 'ə,ə', 'a,s', 'a,u', 'i,a', 'a,ə', 'a,e', 'i,e', 'ə,ɛ', 'a,ɛ', 'k,u', 'ə,i', 'u,e', 'ə,a', 'u,u', 'ɛ,a', 'e,a', 'e,i', 'ə,ø', 'ə,e', 'a,ɔ', 'e,ɛ', 'a,i', 'e,e', 'a,a']
l b	['ɔ,i', 'ɔ,t', 'i,ɛ', 'ə,ə', 'a,s', 'e,a', 'i,a', 'a,ə', 'ə,ɛ', 'ɛ,ɛ', 'a,ɛ', 'ə,a', 'ɔ,ɛ', 'ɔ,e', 'ɛ,a', 'e,i', 'ə,ɔ', 'ɔ,a', 'a,ɔ', 'a,i', 'a,a']
m b	['ɔ,i', 'ə,u', 'ɔ,t', 'i,ɛ', 'ɔ,s', 'ə,ə', 'a,s', 'e,a', 'a,u', 'i,a', 'a,ə', 't,a', 'ə,ɛ', 'ɛ,ɛ', 'a,ɛ', 'ə,a', 'ɔ,ɛ', 'ɔ,e', 'ɛ,a', 'e,i', 'e,o', 'ə,ɔ', 'ə,e', 'ɔ,a', 'a,ɔ', 'a,i', 'a,a']
s b	['ɔ,i', 'ə,u', 'ɔ,t', 'e,ɛ', 'ə,ə', 'e,a', 'i,a', 'a,ə', 'ə,ɛ', 'ɛ,ɛ', 'a,ɛ', 'ə,a', 'ɔ,e', 'ɛ,a', 'e,i', 'ə,ɔ', 'ə,e', 'œ̃,i', 'a,ɔ', 'i,u', 'a,i', 'a,a']
ʁ b	['ɔ,i', 'ə,u', 'ɔ,t', 'ɔ,s', 'ə,ə', 'a,s', 'e,a', 'i,a', 'a,ə', 'ɔ,ʒ', 't,a', 'ə,ɛ', 'ɛ,ɛ', 'o,a', 'a,ɛ', 'ə,a', 'ɔ,ɛ', 'ɔ,e', 'ɛ,a', 'e,i', 'ə,ɔ', 'ə,e', 'e,o', 'ɔ,a', 'a,ɔ', 'a,i', 'a,a']
f b	['ɔ,i', 'ə,u', 'e,ɛ', 'i,ɛ', 'ə,ə', 'e,a', 'e,u', 't,a', 'ə,ɛ', 'ɛ,ɛ', 'a,ɛ', 'ə,a', 'ɔ,ɛ', 'a,ɔ', 'a,i', 'a,a']
d b	['ɔ,i', 'ə,u', 'ə,ə', 'a,s', 'a,u', 'i,a', 'a,ə', 'ə,ɛ', 'ɛ,ɛ', 'o,a', 'a,ɛ', 'ɔ,ɛ', 'ɔ,e', 'ɛ,a', 'e,a', 'e,i', 'ə,ɔ', 'ə,e', 'a,ɔ', 'a,i', 'a,a']
v b	['ɔ,i', 'ə,u', 'i,ɛ', 'a,s', 'e,a', 'a,u', 'i,a', 'ə,ɛ', 'ɛ,ɛ', 'o,a', 'a,ɛ', 'ə,a', 'ɛ,a', 'e,i', 'ə,ɔ', 'ə,e', 'a,ɔ', 'i,u', 'a,i', 'a,a']
ʃ m	['i,ɛ', 'ɔ,d', 'ə,ə', 'i,a', 'œ̃,a', 'a,e', 'ɛ,i', 'ə,ɛ', 'o,a', 'a,ɛ', 'u,a', 'ə,a', 'ɔ,ɛ', 'ɔ,e', 'ɛ,a', 'e,a', 'e,i', 'ə,e', 'ɔ,a', 'ɛ,e', 'e,e', 'a,a']
e a	['z,v', 't,ɛ', 'd,t', 'p,s', 'z,k', 'v,ʒ', 's,d', 'k,s', 'ʃ,p', 'd,p', 'p,t', 'd,s', 't,ʒ', 'i,k', 'z,p', 'z,t', 's,a', 'ʃ,s', 'd,b', 'p,p', 't,d', 't,b', 'k,d', 'e,d', 'ʒ,k', 's,ɛ', 't,t', 'ʒ,v', 't,ʃ', 'i,s', 'ʒ,s', 's,t', 's,ʃ', 'k,k', 'v,d', 's,k', 't,s', 'i,t', 'e,k', 'ɛ,t', 'v,p', 'p,d', 's,p', 'b,s', 'd,d', 's,ʒ', 'e,p', 'i,d', 'ʃ,d', 'd,v', 'i,p', 't,k', 'z,d', 'ɛ,v', 'd,k', 'ʒ,p', 't,p', 'e,t', 's,v', 'v,s', 's,b', 'ʃ,k', 'a,t', 's,s']
ɛ ʁ	['t,ɛ', 't,e', 'v,e', 'v,a', 'ɔ,t', 'u,d', 'f,a', 't,œ̃', 'd,s', 'a,s', 't,i', 'u,s', 't,v', 't,o', 't,d', 't,b', 's,ɛ', 't,t', 'v,ɛ', 't,a', 'v,d', 'ɛ,d', 't,s', 'd,a', 'ɛ,t', 'd,d', 'i,d', 'a,k', 'e,a', 'i,p', 't,k', 'd,k', 'v,k', 't,p', 'e,ɛ', 'p,i', 'a,t', 'ɛ,s']
n j	['t,ɛ', 't,e', 'i,ɛ', 'i,a', 'a,e', 'ɛ,i', 'i,e', 'v,ɛ', 'ɛ,ɛ', 'd,a', 'a,ɛ', 'a,œ', 'ɛ,k', 'i,d', 'ɛ,a', 'i,ɔ', 't,ɔ', 'a,i', 'ɛ,e', 'a,a']
l ɡ	['ɛ,z', 'i,a', 'i,e', 'a,ɛ', 'ə,a', 'e,a', 'a,a']
d z	['i,i', 'i,ɛ', 'o,ɛ', 'ɛ,ɔ', 'i,a', 'a,e', 'e,ɔ', 'ɛ,i', 'i,e', 'a,o', 'ə,ɛ', 'ɛ,ɛ', 'o,a', 'a,ɛ', 'o,i', 'i,d', 'ɛ,a', 'e,a', 'e,i', 'ə,ɔ', 'a,ɔ', 'e,ɛ', 'a,i', 'ɛ,e', 'ø,e', 'a,a', 'o,e']
l z	['i,i', 'i,ɛ', 'ɛ,ɔ', 'i,a', 'a,e', 'e,ɔ', 'ɡ,a', 'ɡ,i', 'ɛ,i', 'i,e', 'a,o', 'ə,ɛ', 'ɛ,ɛ', 'a,ɛ', 'o,i', 'i,d', 'ɛ,a', 'e,a', 'i,p', 'e,i', 'i,ɔ', 'ə,ɔ', 'a,ɔ', 'e,ɛ', 'a,i', 'ɛ,e', 'a,a', 'i,f']
n z	['i,i', 'i,ɛ', 'ɛ,ɔ', 'i,a', 'e,ɔ', 'ɛ,i', 'i,e', 'a,o', 'ə,ɛ', 'ɛ,ɛ', 'i,d', 'ɛ,a', 'e,a', 'e,i', 'ə,ɔ', 'a,ɔ', 'e,ɛ', 'a,i', 'ɛ,e', 'a,a', 'o,e', 'ø,k']
t z	['i,i', 'i,ɛ', 'o,ɛ', 'ɛ,ɔ', 'o,o', 'i,a', 'e,ɔ', 'ɛ,i', 'i,e', 'ə,ɛ', 'ɛ,ɛ', 'o,a', 'a,ɛ', 'ø,ɛ', 'o,i', 'i,d', 'e,a', 'e,i', 'a,ɔ', 'e,ɛ', 'a,i', 'ɛ,e', 'a,a', 'o,e']
z l	['i,i', 'i,ɛ', 'ɛ,ɔ', 'i,a', 'a,e', 'e,ɔ', 'ɡ,a', 'ɡ,i', 'ɛ,i', 'i,e', 'a,o', 'ə,ɛ', 'ɛ,ɛ', 'a,ɛ', 'o,i', 'i,d', 'ɛ,a', 'e,a', 'i,p', 'e,i', 'i,ɔ', 'ə,ɔ', 'a,ɔ', 'e,ɛ', 'a,i', 'ɛ,e', 'a,a', 'i,f']
z n	['i,i', 'i,ɛ', 'ɛ,ɔ', 'i,a', 'e,ɔ', 'ɛ,i', 'i,e', 'a,o', 'ə,ɛ', 'ɛ,ɛ', 'i,d', 'ɛ,a', 'e,a', 'e,i', 'ə,ɔ', 'a,ɔ', 'e,ɛ', 'a,i', 'ɛ,e', 'a,a', 'o,e', 'ø,k']
z t	['i,i', 'i,ɛ', 'o,ɛ', 'ɛ,ɔ', 'o,o', 'i,a', 'e,ɔ', 'ɛ,i', 'i,e', 'ə,ɛ', 'ɛ,ɛ', 'o,a', 'a,ɛ', 'ø,ɛ', 'o,i', 'i,d', 'e,a', 'e,i', 'a,ɔ', 'e,ɛ', 'a,i', 'ɛ,e', 'a,a', 'o,e']
z ʁ	['i,i', 'i,ɛ', 'o,ɛ', 'ɛ,ɔ', 'i,a', 'a,e', 'e,ɔ', 'ɡ,a', 'ɡ,e', 'ɡ,i', 'ɛ,i', 'i,e', 'a,o', 'ə,ɛ', 'ɛ,ɛ', 'o,a', 'a,ɛ', 'o,i', 'i,d', 'ɛ,a', 'e,a', 'e,i', 'ɡ,ɛ', 'o,s', 'e,ɛ', 'a,i', 'ɛ,e', 'ø,e', 'a,a']
ɲ l	['i,i', 'i,k', 'a,d', 'ɛ,d', 'i,d', 'a,i']
ɲ n	['i,i', 'ɛ,d', 'i,d', 'a,i']
ɲ t	['i,i', 'ɛ,d', 'i,d', 'a,i']
ɲ z	['i,i', 'i,d', 'a,i']
ɲ ʁ	['i,i', 'i,k', 'a,d', 'ɛ,d', 'i,d', 'a,i']
ʁ z	['i,i', 'i,ɛ', 'o,ɛ', 'ɛ,ɔ', 'i,a', 'a,e', 'e,ɔ', 'ɡ,a', 'ɡ,e', 'ɡ,i', 'ɛ,i', 'i,e', 'a,o', 'ə,ɛ', 'ɛ,ɛ', 'o,a', 'a,ɛ', 'o,i', 'i,d', 'ɛ,a', 'e,a', 'e,i', 'ɡ,ɛ', 'o,s', 'e,ɛ', 'a,i', 'ɛ,e', 'ø,e', 'a,a']
k z	['i,i', 'i,ɛ', 'o,ɛ', 'ɛ,ɔ', 'i,a', 'a,e', 'e,ɔ', 'ɛ,i', 'i,e', 'ə,ɛ', 'ɛ,ɛ', 'a,ɛ', 'o,i', 'i,d', 'ɛ,a', 'e,a', 'e,i', 'i,ɔ', 'ə,ɔ', 'a,ɔ', 'e,ɛ', 'a,i', 'a,a', 'i,f']
m z	['i,i', 'i,ɛ', 'ɛ,ɔ', 'i,a', 'e,ɔ', 'o,ɔ', 'ɛ,i', 'i,e', 'ə,ɛ', 'ɛ,ɛ', 'o,a', 'a,ɛ', 'ø,ɛ', 'o,i', 'i,d', 'ɛ,a', 'e,a', 'e,i', 'ə,ɔ', 'e,ɛ', 'a,i', 'ɛ,e', 'ø,a', 'a,a']
s z	['i,i', 'i,ɛ', 'o,ɛ', 'i,a', 'a,e', 'e,ɔ', 'ɛ,i', 'i,e', 'ə,ɛ', 'ɛ,ɛ', 'a,ɛ', 'o,i', 'ɛ,a', 'i,p', 'e,i', 'i,ɔ', 'a,ɔ', 'e,ɛ', 'a,i', 'ɛ,e', 'a,a', 'o,e', 'i,f']
z ʒ	['i,i', 'i,ɛ', 'o,ɛ', 'i,a', 'a,e', 'i,e', 'a,o', 'a,ɛ', 'ɛ,a', 'e,a', 'e,i', 'e,ɛ', 'a,i', 'a,a']
ʒ z	['i,i', 'i,ɛ', 'o,ɛ', 'i,a', 'a,e', 'i,e', 'a,o', 'a,ɛ', 'ɛ,a', 'e,a', 'e,i', 'e,ɛ', 'a,i', 'a,a']
f z	['i,i', 'i,ɛ', 'ɛ,ɔ', 'i,a', 'e,ɔ', 'i,e', 'ə,ɛ', 'ɛ,ɛ', 'a,ɛ', 'o,i', 'ɛ,a', 'e,a', 'e,i', 'i,ɔ', 'ə,ɔ', 'e,ɛ', 'a,i', 'a,a']
p z	['i,i', 'i,ɛ', 'ɛ,ɔ', 'i,a', 'a,e', 'e,ɔ', 'i,e', 'ə,ɛ', 'ɛ,ɛ', 'o,a', 'a,ɛ', 'ɛ,a', 'e,a', 'e,i', 'ə,ɔ', 'e,ɛ', 'a,i', 'ɛ,e', 'ø,a', 'a,a']
v z	['i,i', 'i,ɛ', 'i,a', 'a,e', 'e,ɔ', 'ɛ,i', 'i,e', 'ə,ɛ', 'o,a', 'a,ɛ', 'o,i', 'i,d', 'e,a', 'e,i', 'ə,ɔ', 'e,ɛ', 'a,i', 'a,a', 'o,e']
z f	['i,i', 'i,ɛ', 'ɛ,ɔ', 'i,a', 'e,ɔ', 'i,e', 'ə,ɛ', 'ɛ,ɛ', 'a,ɛ', 'o,i', 'ɛ,a', 'e,a', 'e,i', 'i,ɔ', 'ə,ɔ', 'e,ɛ', 'a,i', 'a,a']
ɲ ʒ	['i,i', 'a,d', 'a,i']
ʃ f	['e,ɛ', 'u,ɛ', 'i,e', 'ə,ɛ', 'ə,o', 'a,ɛ', 'ə,a', 'ɔ,ɛ', 'e,a', 'e,i', 'a,a']
ʃ n	['i,ɛ', 'ɔ,s', 'ə,ə', 'e,a', 'i,a', 'a,e', 'e,u', 'ɛ,i', 'i,e', 'ə,ɛ', 'ə,o', 'ə,a', 'ɔ,ɛ', 'ɔ,e', 'ɛ,a', 'e,i', 'ɔ,a', 'ɛ,e', 'e,e', 'a,a']
ʃ ʒ	['a,e', 'e,u', 'i,e', 'ə,ɛ', 'a,ɛ', 'e,ə', 'u,e', 'ə,a', 'ɔ,e', 'ɛ,a', 'e,a', 'e,i', 'ə,e', 'e,e', 'a,a']
d k	['i,i', 'ə,u', 'i,ɛ', 'ɔ,d', 'ə,ə', 'ɛ,ɔ', 'a,s', 'e,a', 'a,u', 'i,a', 'a,ə', 'ø,ə', 'a,e', 'e,ɔ', 't,ə', 'e,u', 'ɛ,i', 'i,e', 'u,i', 's,ɛ', 'ø,i', 'o,ə', 'ə,ɛ', 'ɛ,ɛ', 'o,a', 'a,ɛ', 'o,i', 'e,ə', 'ə,i', 'i,d', 'ɔ,e', 'ɛ,a', 'e,i', 's,ə', 'ə,ɔ', 'ɛ,ə', 'œ̃,i', 'a,ɔ', 'i,ə', 'e,ɛ', 'a,i', 'a,a', 'z,ə']
f k	['i,i', 'ə,u', 'e,ɛ', 'i,ɛ', 'ə,ə', 'ɛ,ɔ', 'e,a', 'i,a', 'e,ɔ', 's,a', 'i,e', 'u,i', 's,ɛ', 'ə,ɛ', 'ə,o', 'ɛ,ɛ', 'a,ɛ', 'o,i', 'ə,i', 'ə,a', 'ɛ,a', 'e,i', 'ə,ɔ', 'a,ɔ', 'i,ə', 'a,i', 'a,a', 's,ɔ']
l k	['i,i', 'ɔ,t', 'i,ɛ', 'ə,ə', 'ɛ,ɔ', 'a,s', 'e,a', 'i,a', 'a,ə', 'a,e', 'i,k', 'e,ɔ', 'ɛ,p', 'u,ɛ', 's,a', 'a,d', 'ɛ,i', 'i,e', 'i,s', 'ə,ɛ', 'ə,œ', 'ɛ,ɛ', 'ɛ,d', 'i,t', 'a,ɛ', 'ɛ,t', 'i,ʃ', 'o,i', 'e,ə', 'ə,i', 'ə,a', 'ɛ,k', 'i,d', 'ɔ,e', 'u,u', 'ɛ,a', 'e,i', 's,ə', 'ɛ,f', 'ə,ɔ', 'ɛ,ə', 'ɔ,a', 'a,ɔ', 'i,u', 'i,ə', 'e,ɛ', 'k,i', 'a,i', 'a,a', 'a,t', 'ɛ,u', 'ɛ,s', 'ɛ,œ̃', 'i,f']
s k	['i,i', 'ə,u', 'ɔ,t', 'e,ɛ', 'i,ɛ', 'o,ɛ', 'ə,ə', 'ɛ,ɔ', 'e,a', 't,i', 'a,u', 'i,a', 'œ̃,a', 'a,ə', 'ø,ə', 'a,e', 'i,k', 'e,ɔ', 'ɛ,p', 'u,ɛ', 't,ə', 'e,u', 'a,d', 'ɛ,i', 'i,e', 'o,ə', 'ə,ɛ', 'ɛ,ɛ', 'ɛ,d', 'œ̃,ɔ', 'i,t', 'o,a', 'a,ɛ', 'ɛ,t', 'o,i', 'e,ə', 'ə,i', 'ə,a', 'ɛ,k', 'i,d', 'ɔ,e', 'ɛ,a', 'e,i', 's,ə', 'i,ɔ', 'ə,ɔ', 'ɛ,ə', 'ɛ,v', 'a,ɔ', 'i,ə', 'k,i', 'a,i', 'a,a', 'a,t', 'ɛ,u', 'ɛ,s', 'i,f']
ʁ k	['i,i', 'ə,u', 'ɔ,t', 't,u', 'e,ɛ', 'i,ɛ', 'o,ɛ', 'ɔ,d', 'ɔ,s', 'ə,ə', 'ɛ,ɔ', 'a,s', 'e,a', 't,i', 'a,u', 'i,a', 'a,ə', 'a,e', 'i,k', 'e,ɔ', 'ɛ,p', 'u,ɛ', 't,ə', 's,a', 'e,u', 'a,d', 'ɛ,i', 'i,e', 'u,i', 's,ɛ', 'ø,i', 'o,ə', 'i,s', 't,a', 'ə,ɛ', 'ɛ,ɛ', 'ɛ,d', 'œ̃,ɔ', 'i,t', 'o,a', 'a,ɛ', 'ɛ,t', 'v,i', 'o,i', 'e,ə', 'ə,i', 'a,œ̃', 'u,a', 'ə,a', 'ɛ,k', 'i,d', 'ɔ,e', 'ɛ,a', 'e,i', 's,ə', 'ɛ,f', 'ə,ɔ', 'ɛ,ə', 'ɛ,v', 'ɔ,a', 'a,ɔ', 'a,ʒ', 'i,ə', 'k,i', 'ɛ,ʃ', 'a,i', 'a,a', 'a,t', 'ɛ,s', 'ɛ,œ̃']
z d	['i,i', 'i,ɛ', 'o,ɛ', 'ɛ,ɔ', 'i,a', 'a,e', 'e,ɔ', 'ɛ,i', 'i,e', 'a,o', 'ə,ɛ', 'ɛ,ɛ', 'o,a', 'a,ɛ', 'o,i', 'i,d', 'ɛ,a', 'e,a', 'e,i', 'ə,ɔ', 'a,ɔ', 'e,ɛ', 'a,i', 'ɛ,e', 'ø,e', 'a,a', 'o,e']
ɲ d	['i,i', 'i,d', 'a,i']
z k	['i,i', 'i,ɛ', 'o,ɛ', 'ɛ,ɔ', 'i,a', 'a,e', 'e,ɔ', 'ɛ,i', 'i,e', 'ə,ɛ', 'ɛ,ɛ', 'a,ɛ', 'o,i', 'i,d', 'ɛ,a', 'e,a', 'e,i', 'i,ɔ', 'ə,ɔ', 'a,ɔ', 'e,ɛ', 'a,i', 'a,a', 'i,f']
z s	['i,i', 'i,ɛ', 'o,ɛ', 'i,a', 'a,e', 'e,ɔ', 'ɛ,i', 'i,e', 'ə,ɛ', 'ɛ,ɛ', 'a,ɛ', 'o,i', 'ɛ,a', 'i,p', 'e,i', 'i,ɔ', 'a,ɔ', 'e,ɛ', 'a,i', 'ɛ,e', 'a,a', 'o,e', 'i,f']
z v	['i,i', 'i,ɛ', 'i,a', 'a,e', 'e,ɔ', 'ɛ,i', 'i,e', 'ə,ɛ', 'o,a', 'a,ɛ', 'o,i', 'i,d', 'e,a', 'e,i', 'ə,ɔ', 'e,ɛ', 'a,i', 'a,a', 'o,e']
ɲ s	['i,i', 'i,k', 'ɛ,d', 'i,d', 'a,i']
k v	['i,i', 'ə,u', 'e,ɛ', 'i,ɛ', 'o,ɛ', 'ə,ə', 'a,s', 'e,a', 't,i', 'a,u', 'i,a', 'a,e', 'e,ɔ', 'ɛ,p', 'u,ɛ', 'e,u', 'ɛ,i', 'i,e', 'ø,i', 't,a', 'ə,ɛ', 'ɛ,ɛ', 'o,a', 'a,ɛ', 'ə,i', 'ə,a', 'i,d', 'ɛ,a', 'e,i', 'ə,ɔ', 's,u', 'a,ɔ', 'a,i', 'a,a', 'ɛ,u']
v k	['i,i', 'ə,u', 'e,ɛ', 'i,ɛ', 'o,ɛ', 'ə,ə', 'a,s', 'e,a', 't,i', 'a,u', 'i,a', 'a,e', 'e,ɔ', 'ɛ,p', 'u,ɛ', 'e,u', 'ɛ,i', 'i,e', 'ø,i', 't,a', 'ə,ɛ', 'ɛ,ɛ', 'o,a', 'a,ɛ', 'ə,i', 'ə,a', 'i,d', 'ɛ,a', 'e,i', 'ə,ɔ', 's,u', 'a,ɔ', 'a,i', 'a,a', 'ɛ,u']
ɲ k	['i,i', 'i,k', 'i,d', 'a,i']
ʃ k	['e,ɛ', 'i,ɛ', 'ə,ə', 'e,a', 'i,a', 'œ̃,a', 'a,e', 'u,ɛ', 'e,u', 'i,e', 'ə,ɛ', 'o,a', 'a,ɛ', 'ə,a', 'ɔ,e', 'ɛ,a', 'e,i', 'ɔ,a', 'a,a', 'a,t']
z m	['i,i', 'i,ɛ', 'ɛ,ɔ', 'i,a', 'e,ɔ', 'o,ɔ', 'ɛ,i', 'i,e', 'ə,ɛ', 'ɛ,ɛ', 'o,a', 'a,ɛ', 'ø,ɛ', 'o,i', 'i,d', 'ɛ,a', 'e,a', 'e,i', 'ə,ɔ', 'e,ɛ', 'a,i', 'ɛ,e', 'ø,a', 'a,a']
z p	['i,i', 'i,ɛ', 'ɛ,ɔ', 'i,a', 'a,e', 'e,ɔ', 'i,e', 'ə,ɛ', 'ɛ,ɛ', 'o,a', 'a,ɛ', 'ɛ,a', 'e,a', 'e,i', 'ə,ɔ', 'e,ɛ', 'a,i', 'ɛ,e', 'ø,a', 'a,a']
d ɲ	['i,i', 'i,d', 'a,i']
l ɲ	['i,i', 'i,k', 'a,d', 'ɛ,d', 'i,d', 'a,i']
n ɲ	['i,i', 'ɛ,d', 'i,d', 'a,i']
s ɲ	['i,i', 'i,k', 'ɛ,d', 'i,d', 'a,i']
t ɲ	['i,i', 'ɛ,d', 'i,d', 'a,i']
z ɲ	['i,i', 'i,d', 'a,i']
ʁ ɲ	['i,i', 'i,k', 'a,d', 'ɛ,d', 'i,d', 'a,i']
ʒ ɲ	['i,i', 'a,d', 'a,i']
k ɲ	['i,i', 'i,k', 'i,d', 'a,i']
i ɛ	['d,t', 'p,s', 'p,k', 's,d', 'k,s', 'ʒ,d', 'f,t', 't,ɡ', 'd,p', 'p,t', 'd,s', 't,f', 't,ʒ', 't,v', 'z,t', 's,a', 'v,f', 't,d', 't,b', 'v,z', 'v,v', 'f,s', 's,ɛ', 't,t', 's,t', 'k,k', 'v,d', 's,k', 't,s', 'v,t', 'v,p', 'p,d', 's,p', 'd,d', 'd,v', 'f,k', 'f,d', 't,k', 'z,d', 'd,k', 'v,k', 't,p', 'd,z', 's,z', 'v,b', 'v,s', 'z,s', 's,b', 's,s']
j m	['t,ɛ', 'i,ɛ', 'ɛ,ɔ', 'i,a', 'a,e', 'a,d', 'ɛ,i', 'a,o', 's,ɛ', 'ɛ,ɛ', 'ɛ,d', 'a,ɛ', 'u,a', 'ɛ,k', 'ɛ,a', 'i,ɔ', 't,ɔ', 'a,i', 'ɛ,e', 'a,a']
j s	['t,ɛ', 't,e', 'i,ɛ', 'i,a', 'a,e', 's,e', 'a,d', 'ɛ,i', 'i,e', 's,ɛ', 'ɛ,ɛ', 'ɛ,d', 'd,a', 'a,ɛ', 'a,œ', 'u,e', 'k,e', 'ɛ,k', 'i,d', 'ɛ,a', 'i,ɔ', 't,ɔ', 'k,ɛ', 'a,i', 'ɛ,e', 'a,a', 'a,t']
a s	['t,ɛ', 'b,t', 'k,s', 'i,ɛ', 'i,k', 'ɛ,p', 'k,t', 'a,d', 'ɛ,ɛ', 'ɛ,d', 'i,t', 'ɛ,t', 'ɛ,k', 'i,d', 'a,k', 'ɛ,a', 'i,p', 'k,p', 'ɛ,v', 't,p', 'a,t', 'ɛ,s']
a y	['t,ɛ', 'd,t', 'p,s', 's,d', 'k,s', 'f,t', 'd,p', 'p,t', 'd,s', 'p,b', 'd,ʒ', 'k,t', 'd,b', 't,d', 'f,s', 'd,ɡ', 'k,z', 'ʒ,s', 'v,d', 's,k', 't,s', 'p,d', 's,p', 'b,s', 'd,d', 'a,b', 's,ʒ', 'd,v', 'k,p', 'd,k', 't,p', 'v,s', 's,b', 's,s']
d e	['t,ɛ', 't,e', 's,e', 'd,e', 's,ɛ', 's,ɔ']
e y	['t,ɛ', 'd,t', 's,d', 'k,s', 'd,p', 'p,t', 'd,s', 'd,f', 'd,ʒ', 'd,b', 't,d', 'd,e', 's,f', 's,ɛ', 'd,ɡ', 't,t', 'ʒ,s', 't,a', 'v,d', 's,k', 't,s', 'd,a', 'd,i', 's,p', 'b,s', 'd,d', 's,ʒ', 'd,v', 'd,k', 't,p', 'd,ʃ', 'v,s', 's,b', 's,s']
j e	['t,ɛ', 't,e', 'v,a', 'ʒ,a', 's,e', 's,a', 'd,e', 'd,ɔ', 's,ɛ', 'd,a', 'i,d', 't,ɔ']
j y	['t,ɛ', 't,e', 's,a', 'd,e', 's,ɛ', 'd,a']
p y	['s,a', 's,ɛ', 't,a', 's,i']
s y	['t,ɛ', 'b,t', 'k,t', 's,ɛ', 'k,p', 's,i', 't,p', 'k,i']
t e	['t,ɛ', 'u,d', 's,d', 'i,k', 's,e', 's,a', 's,f', 's,ɛ', 'i,s', 's,k', 'i,t', 'ʒ,e', 'ɛ,t', 's,p', 'ɛ,k', 'i,d', 'ɛ,ʃ', 's,ɔ', 's,s']
t y	['t,ɛ', 's,d', 'u,s', 's,a', 's,ɛ', 's,p', 's,i', 'k,i', 'p,i']
ʁ y	['t,ɛ', 't,e', 'f,a', 'd,p', 'd,s', 'd,f', 'u,s', 't,d', 't,ø', 't,t', 't,a', 'v,d', 't,s', 'd,a', 'd,i', 'd,d', 'a,b', 'd,k', 't,p', 'k,i', 'f,i', 'p,i']
o ʁ	['u,t', 'd,s', 'a,s', 't,f', 't,d', 't,a', 't,s', 'ɛ,t', 'a,k', 't,k', 'ɛ,f', 'v,k', 't,p', 'a,t', 'ɛ,s']
a m	['t,ɛ', 'i,ɛ', 'i,a', 'a,d', 's,ɛ', 'ɛ,ɛ', 'ɛ,d', 'ɛ,t', 'k,u', 'ɛ,k', 'i,d', 'a,k', 'ɛ,a', 'ɛ,s']
f y	['s,a', 's,ɛ', 't,a']
n e	['t,ɛ', 't,e', 'd,a', 'ɛ,t', 'ɛ,k', 'i,d']
m j	['t,ɛ', 'i,ɛ', 'ɛ,ɔ', 'i,a', 'a,e', 'a,d', 'ɛ,i', 'a,o', 's,ɛ', 'ɛ,ɛ', 'ɛ,d', 'a,ɛ', 'u,a', 'ɛ,k', 'ɛ,a', 'i,ɔ', 't,ɔ', 'a,i', 'ɛ,e', 'a,a']
s j	['t,ɛ', 't,e', 'i,ɛ', 'i,a', 'a,e', 's,e', 'a,d', 'ɛ,i', 'i,e', 's,ɛ', 'ɛ,ɛ', 'ɛ,d', 'd,a', 'a,ɛ', 'a,œ', 'u,e', 'k,e', 'ɛ,k', 'i,d', 'ɛ,a', 'i,ɔ', 't,ɔ', 'k,ɛ', 'a,i', 'ɛ,e', 'a,a', 'a,t']
t j	['t,ɛ', 'p,e', 'i,ɛ', 'ɛ,ɔ', 'i,a', 'a,e', 's,e', 's,a', 'a,d', 'ɛ,i', 'i,e', 's,ɛ', 'ɛ,ɛ', 'a,ɛ', 'a,œ', 'u,e', 'u,a', 'k,e', 'ɛ,k', 'ɛ,a', 'a,i', 'ɛ,e', 'a,a', 's,ɔ']
d j	['t,ɛ', 't,e', 'i,ɛ', 'ɛ,ɔ', 'i,a', 'a,e', 's,e', 'ɛ,i', 'i,e', 's,ɛ', 'ɛ,ɛ', 'a,ɛ', 'e,ø', 'k,e', 'i,d', 'ɛ,a', 'i,ɔ', 'a,i', 'ɛ,e', 'a,a']
e j	['t,ɛ', 't,e', 'v,a', 'ʒ,a', 's,e', 's,a', 'd,e', 'd,ɔ', 's,ɛ', 'd,a', 'i,d', 't,ɔ']
p j	['i,ɛ', 'i,a', 'a,e', 's,e', 's,a', 'a,d', 'a,o', 's,ɛ', 'ɛ,ɛ', 'a,ɛ', 'a,œ', 'u,e', 'u,a', 'ɛ,a', 'a,i', 'ɛ,e', 'a,a', 's,ɔ', 'a,t']
y j	['t,ɛ', 't,e', 's,a', 'd,e', 's,ɛ', 'd,a']
b j	['i,ɛ', 'i,a', 'ɛ,ɛ', 'a,ɛ', 'ɛ,a', 'a,i', 'a,a']
k j	['i,ɛ', 'ɛ,ɔ', 'i,a', 'a,e', 's,a', 'a,d', 'ɛ,i', 'i,e', 's,ɛ', 'ɛ,ɛ', 'ɛ,d', 'a,ɛ', 'ɛ,k', 'i,d', 'ɛ,a', 'i,ɔ', 'a,i', 'a,a', 's,ɔ', 'a,t']
e m	['t,ɛ', 's,ɛ', 'i,s', 't,a', 'ɛ,t', 'd,i', 'ɛ,k', 'i,d', 'd,ɛ']
y m	['t,ɛ', 't,a', 'd,i', 'k,i']
n ɛ	['t,ɛ', 't,e', 'v,ɛ', 'ɛ,d', 'ɛ,t', 'e,a', 'e,ɛ', 'ɛ,s']
ʁ ɛ	['t,ɛ', 't,e', 'v,e', 'v,a', 'ɔ,t', 'u,d', 'f,a', 't,œ̃', 'd,s', 'a,s', 't,i', 'u,s', 't,v', 't,o', 't,d', 't,b', 's,ɛ', 't,t', 'v,ɛ', 't,a', 'v,d', 'ɛ,d', 't,s', 'd,a', 'ɛ,t', 'd,d', 'i,d', 'a,k', 'e,a', 'i,p', 't,k', 'd,k', 'v,k', 't,p', 'e,ɛ', 'p,i', 'a,t', 'ɛ,s']
e t	['t,ɛ', 'u,d', 's,d', 'i,k', 's,e', 's,a', 's,f', 's,ɛ', 'i,s', 's,k', 'i,t', 'ʒ,e', 'ɛ,t', 's,p', 'ɛ,k', 'i,d', 'ɛ,ʃ', 's,ɔ', 's,s']
j t	['t,ɛ', 'p,e', 'i,ɛ', 'ɛ,ɔ', 'i,a', 'a,e', 's,e', 's,a', 'a,d', 'ɛ,i', 'i,e', 's,ɛ', 'ɛ,ɛ', 'a,ɛ', 'a,œ', 'u,e', 'u,a', 'k,e', 'ɛ,k', 'ɛ,a', 'a,i', 'ɛ,e', 'a,a', 's,ɔ']
y t	['t,ɛ', 's,d', 'u,s', 's,a', 's,ɛ', 's,p', 's,i', 'k,i', 'p,i']
j n	['t,ɛ', 't,e', 'i,ɛ', 'i,a', 'a,e', 'ɛ,i', 'i,e', 'v,ɛ', 'ɛ,ɛ', 'd,a', 'a,ɛ', 'a,œ', 'ɛ,k', 'i,d', 'ɛ,a', 'i,ɔ', 't,ɔ', 'a,i', 'ɛ,e', 'a,a']
e n	['t,ɛ', 't,e', 'd,a', 'ɛ,t', 'ɛ,k', 'i,d']
ɛ n	['t,ɛ', 't,e', 'v,ɛ', 'ɛ,d', 'ɛ,t', 'e,a', 'e,ɛ', 'ɛ,s']
a d	['t,ɛ', 'i,ɛ', 'a,s', 'i,a', 'ɛ,ɛ', 'i,d', 'a,v']
e d	['t,ɛ', 't,e', 's,e', 'd,e', 's,ɛ', 's,ɔ']
j d	['t,ɛ', 't,e', 'i,ɛ', 'ɛ,ɔ', 'i,a', 'a,e', 's,e', 'ɛ,i', 'i,e', 's,ɛ', 'ɛ,ɛ', 'a,ɛ', 'e,ø', 'k,e', 'i,d', 'ɛ,a', 'i,ɔ', 'a,i', 'ɛ,e', 'a,a']
m e	['t,ɛ', 's,ɛ', 'i,s', 't,a', 'ɛ,t', 'd,i', 'ɛ,k', 'i,d', 'd,ɛ']
m y	['t,ɛ', 't,a', 'd,i', 'k,i']
m a	['t,ɛ', 'i,ɛ', 'i,a', 'a,d', 's,ɛ', 'ɛ,ɛ', 'ɛ,d', 'ɛ,t', 'k,u', 'ɛ,k', 'i,d', 'a,k', 'ɛ,a', 'ɛ,s']
d a	['t,ɛ', 'i,ɛ', 'a,s', 'i,a', 'ɛ,ɛ', 'i,d', 'a,v']
p a	['i,ɛ', 'i,a', 's,a', 'a,d', 's,ɛ', 'ɛ,t', 'ɛ,a', 'e,ɛ', 'ɛ,s']
s a	['t,ɛ', 'b,t', 'k,s', 'i,ɛ', 'i,k', 'ɛ,p', 'k,t', 'a,d', 'ɛ,ɛ', 'ɛ,d', 'i,t', 'ɛ,t', 'ɛ,k', 'i,d', 'a,k', 'ɛ,a', 'i,p', 'k,p', 'ɛ,v', 't,p', 'a,t', 'ɛ,s']
t a	['t,ɛ', 'u,d', 's,d', 'k,s', 'i,ɛ', 'u,p', 'i,a', 'ɛ,p', 's,a', 'i,v', 's,ɛ', 's,k', 'ɛ,ɛ', 'ɛ,d', 'ɛ,t', 's,p', 'ɛ,k', 'i,d', 'ɛ,a', 'a,v', 'i,p', 'ɛ,v', 'e,ɛ', 'ɛ,ʃ', 'ɛ,s', 's,s']
y a	['t,ɛ', 'd,t', 'p,s', 's,d', 'k,s', 'f,t', 'd,p', 'p,t', 'd,s', 'p,b', 'd,ʒ', 'k,t', 'd,b', 't,d', 'f,s', 'd,ɡ', 'k,z', 'ʒ,s', 'v,d', 's,k', 't,s', 'p,d', 's,p', 'b,s', 'd,d', 'a,b', 's,ʒ', 'd,v', 'k,p', 'd,k', 't,p', 'v,s', 's,b', 's,s']
a ə	['d,t', 's,d', 'k,s', 'd,p', 'p,t', 'd,s', 'k,b', 'k,t', 'd,b', 'k,d', 'ʒ,k', 's,ɛ', 'd,ɡ', 'ʒ,v', 'k,z', 'ʒ,s', 's,t', 's,ʃ', 'k,k', 's,k', 'k,v', 's,p', 'd,d', 's,ʒ', 'd,v', 'k,ʃ', 'k,p', 'd,k', 'ʒ,p', 's,v', 's,s']
e e	['d,t', 's,d', 'd,p', 'd,s', 'd,f', 'd,ʒ', 'd,b', 'd,e', 'd,ɔ', 's,f', 's,ɛ', 'd,ɡ', 's,ʃ', 's,o', 's,k', 'd,a', 'd,i', 's,p', 'd,d', 'd,o', 'd,v', 'd,ɛ', 'd,k', 'd,ʃ', 'd,z', 's,v', 's,b', 's,s']
o ə	['d,t', 's,d', 'k,s', 'p,z', 'd,s', 'd,f', 'k,t', 's,f', 'k,z', 'k,k', 's,k', 'k,p', 's,v', 's,s']
u e	['d,t', 'p,s', 't,e', 'v,e', 'v,a', 's,d', 'ʒ,t', 'd,s', 't,f', 't,ʒ', 't,o', 'd,b', 't,d', 't,b', 'k,d', 's,f', 'v,v', 't,t', 't,ʃ', 's,t', 't,a', 'v,d', 't,s', 'v,p', 's,p', 'b,s', 'v,k', 't,p', 'd,z', 's,v', 'v,s', 'b,k', 's,s']
u ə	['d,t', 's,d', 'k,s', 'ʒ,t', 'd,s', 'k,t', 'd,b', 'k,d', 's,f', 's,t', 'k,v', 's,p', 'k,ʃ', 'k,p', 's,v', 's,s']
y ə	['d,t', 's,d', 'k,s', 'd,p', 'p,t', 'f,z', 'd,s', 'd,f', 'd,ʒ', 'k,t', 'd,b', 's,f', 'd,ɡ', 'ʒ,s', 's,k', 's,p', 'd,d', 'b,z', 's,ʒ', 'd,v', 'k,p', 'd,k', 'd,ʃ', 's,s']
ɔ e	['p,s', 'k,s', 'p,t', 'd,s', 'e,f', 'z,p', 't,d', 'e,d', 's,k', 'e,k', 't,k', 'd,k', 'v,k', 't,p', 's,s']
ɔ ə	['k,s', 'p,t', 'd,s', 'k,t', 's,k', 'k,p', 'd,k', 's,s']
o i	['d,t', 'ʃ,z', 'b,t', 's,d', 'k,s', 'p,z', 'd,s', 'd,f', 't,f', 'k,t', 's,f', 'f,s', 'k,k', 's,k', 't,s', 'v,t', 'p,d', 'f,k', 't,k', 'k,p', 't,p', 'e,s', 's,s']
ø e	['d,t', 's,d', 'd,p', 'p,t', 'd,s', 'd,f', 'd,b', 'p,p', 'd,ɔ', 't,a', 's,k', 'd,a', 'v,p', 'd,i', 'p,d', 'd,k']
ø i	['d,t', 'p,k', 's,d', 'd,p', 'p,t', 'd,s', 'd,f', 'v,v', 's,k', 'd,a', 'v,p', 'p,d', 'f,d', 'd,k', 'v,b']
ø ə	['d,t', 's,d', 'd,p', 'p,t', 'd,s', 'd,f', 'd,b', 'd,ɔ', 's,k', 'd,k']
ɛ e	['d,t', 'p,s', 'œ̃,t', 'v,e', 'v,a', 'u,d', 's,d', 'k,s', 'ʒ,d', 'u,t', 'd,p', 'p,t', 'd,s', 't,v', 'z,p', 'z,t', 's,e', 's,a', 't,o', 't,d', 't,b', 's,ɛ', 't,t', 'i,s', 'ʒ,s', 's,t', 't,a', 'v,d', 's,k', 't,s', 'd,a', 'e,k', 'ɛ,t', 'v,p', 'p,d', 's,p', 'b,s', 'd,d', 'i,d', 'd,v', 'i,p', 't,k', 'z,d', 'd,k', 'v,k', 't,p', 'd,z', 'e,t', 'v,s', 'z,s', 's,b', 'a,t', 's,s']
ɛ i	['d,t', 'p,s', 'p,k', 's,d', 'k,s', 'ʒ,d', 'f,t', 't,ɡ', 'd,p', 'p,t', 'd,s', 't,f', 't,ʒ', 't,v', 'z,t', 's,a', 'v,f', 't,d', 't,b', 'v,z', 'v,v', 'f,s', 's,ɛ', 't,t', 's,t', 'k,k', 'v,d', 's,k', 't,s', 'v,t', 'v,p', 'p,d', 's,p', 'd,d', 'd,v', 'f,k', 'f,d', 't,k', 'z,d', 'd,k', 'v,k', 't,p', 'd,z', 's,z', 'v,b', 'v,s', 'z,s', 's,b', 's,s']
y i	['d,t', 'p,s', 'b,t', 's,d', 'k,s', 'f,t', 'd,p', 'p,t', 'f,z', 'd,s', 'd,f', 'd,ʒ', 'k,t', 't,d', 'd,e', 's,f', 'f,s', 'd,ɡ', 't,t', 'ʒ,s', 'v,d', 's,k', 't,s', 'p,d', 's,p', 'b,s', 'd,d', 's,ʒ', 'd,v', 'f,k', 'k,p', 'f,ɡ', 'd,k', 's,i', 't,p', 's,ɡ', 'v,s', 's,b', 's,s']
a u	['d,t', 'p,s', 'b,t', 's,d', 'k,s', 'b,d', 't,ʒ', 'p,v', 'k,t', 'd,b', 't,d', 't,b', 'k,d', 't,t', 't,ʃ', 'v,d', 't,s', 'k,v', 'v,t', 's,p', 'b,s', 'k,ʃ', 'e,v', 'k,p', 'v,k', 't,p', 's,v', 'v,s', 's,s']
e u	['d,t', 'p,s', 't,e', 'v,e', 'v,a', 's,d', 'ʒ,t', 'd,s', 't,f', 't,ʒ', 't,o', 'd,b', 't,d', 't,b', 'k,d', 's,f', 'v,v', 't,t', 't,ʃ', 's,t', 't,a', 'v,d', 't,s', 'v,p', 's,p', 'b,s', 'v,k', 't,p', 'd,z', 's,v', 'v,s', 'b,k', 's,s']
i a	['d,t', 'p,s', 'z,k', 'b,t', 's,d', 'k,s', 'f,t', 'd,p', 'p,t', 'd,s', 'k,b', 't,ʒ', 't,v', 'z,t', 's,a', 'ʃ,s', 'k,t', 't,d', 't,b', 'k,d', 'f,s', 'd,ɡ', 't,t', 's,t', 'k,k', 'v,d', 's,k', 't,s', 'k,v', 'v,t', 'p,d', 's,p', 'b,s', 'd,d', 's,ʒ', 'd,v', 'k,ʃ', 'e,v', 'v,ɡ', 'f,k', 'z,ʒ', 't,k', 'k,p', 'z,d', 'd,k', 't,p', 's,v', 'v,s', 'z,s', 's,b', 'ʃ,k', 'e,s', 's,s']
u a	['d,t', 'p,s', 'b,t', 's,d', 'k,s', 'b,d', 't,ʒ', 'p,v', 'k,t', 'd,b', 't,d', 't,b', 'k,d', 't,t', 't,ʃ', 'v,d', 't,s', 'k,v', 'v,t', 's,p', 'b,s', 'k,ʃ', 'e,v', 'k,p', 'v,k', 't,p', 's,v', 'v,s', 's,s']
ə a	['d,t', 's,d', 'k,s', 'd,p', 'p,t', 'd,s', 'k,b', 'k,t', 'd,b', 'k,d', 'ʒ,k', 's,ɛ', 'd,ɡ', 'ʒ,v', 'k,z', 'ʒ,s', 's,t', 's,ʃ', 'k,k', 's,k', 'k,v', 's,p', 'd,d', 's,ʒ', 'd,v', 'k,ʃ', 'k,p', 'd,k', 'ʒ,p', 's,v', 's,s']
ə u	['d,t', 's,d', 'k,s', 'ʒ,t', 'd,s', 'k,t', 'd,b', 'k,d', 's,f', 's,t', 'k,v', 's,p', 'k,ʃ', 'k,p', 's,v', 's,s']
a o	['d,t', 'b,t', 's,d', 'k,s', 'f,t', 'b,d', 'd,s', 'a,s', 'p,v', 'k,t', 'p,p', 't,d', 'e,d', 'f,s', 'k,z', 'k,k', 's,k', 't,s', 'e,k', 'ɛ,t', 'p,d', 'e,p', 'a,k', 'f,k', 't,k', 'k,p', 't,p', 'e,t', 's,v', 'a,t', 'ɛ,s', 's,s']
e o	['d,t', 's,d', 'u,t', 'd,s', 'd,f', 'p,p', 't,d', 'e,d', 't,a', 's,k', 't,s', 'ɛ,t', 'p,d', 't,k', 'z,d', 'v,k', 't,p', 'e,t', 's,v', 'b,k', 's,s']
i o	['d,t', 'ʃ,z', 'b,t', 's,d', 'k,s', 'p,z', 'd,s', 'd,f', 't,f', 'k,t', 's,f', 'f,s', 'k,k', 's,k', 't,s', 'v,t', 'p,d', 'f,k', 't,k', 'k,p', 't,p', 'e,s', 's,s']
o a	['d,t', 'b,t', 's,d', 'k,s', 'f,t', 'b,d', 'd,s', 'a,s', 'p,v', 'k,t', 'p,p', 't,d', 'e,d', 'f,s', 'k,z', 'k,k', 's,k', 't,s', 'e,k', 'ɛ,t', 'p,d', 'e,p', 'a,k', 'f,k', 't,k', 'k,p', 't,p', 'e,t', 's,v', 'a,t', 'ɛ,s', 's,s']
o u	['d,t', 'b,t', 's,d', 'b,d', 't,f', 'p,v', 'k,t', 't,d', 's,f', 't,s', 'v,t', 'k,p', 'b,ʃ', 't,p', 's,v', 'b,k', 's,s']
u o	['d,t', 'b,t', 's,d', 'b,d', 't,f', 'p,v', 'k,t', 't,d', 's,f', 't,s', 'v,t', 'k,p', 'b,ʃ', 't,p', 's,v', 'b,k', 's,s']
ø o	['d,t', 'd,f', 'p,d']
ø u	['d,t', 'p,s', 's,d', 'd,s', 'v,v', 't,a', 'v,p']
ə o	['d,t', 's,d', 'k,s', 'p,z', 'd,s', 'd,f', 'k,t', 's,f', 'k,z', 'k,k', 's,k', 'k,p', 's,v', 's,s']
ɛ a	['d,t', 'p,s', 'z,k', 'p,k', 'v,ʒ', 's,d', 's,œ̃', 'k,s', 'f,t', 'd,p', 'p,t', 'd,s', 'a,s', 't,ʒ', 'z,t', 's,a', 't,d', 't,b', 'i,v', 'f,s', 't,t', 't,\\xc9\\xb2', 'i,s', 'ʒ,s', 's,t', 'v,d', 's,k', 't,s', 'e,k', 'v,t', 'ɛ,t', 'v,p', 'p,d', 's,p', 'b,s', 'd,d', 'e,p', 'a,k', 'd,v', 'ʃ,t', 'f,k', 'i,p', 't,k', 'e,b', 'd,k', 'œ̃,s', 'v,k', 't,p', 'e,t', 'e,ɛ', 'v,s', 'z,s', 'e,s', 'ɛ,s', 's,s']
ɛ o	['d,t', 'ʃ,z', 's,d', 'f,a', 'k,s', 'p,z', 'f,t', 'u,t', 'd,s', 't,f', 't,d', 'f,s', 't,a', 'k,k', 's,k', 't,s', 'v,t', 'ɛ,t', 'p,d', 'e,p', 'a,k', 'f,k', 'f,d', 't,k', 'z,d', 'v,k', 't,p', 'e,s', 's,s']
ɛ u	['d,t', 'p,s', 'v,e', 'v,a', 's,d', 'k,s', 'ɡ,t', 'd,s', 't,f', 't,ʒ', 't,o', 'v,f', 't,d', 't,b', 'v,v', 't,t', 'v,ɛ', 's,t', 't,a', 'v,d', 't,s', 'v,t', 'v,p', 's,p', 'b,s', 'f,d', 'v,k', 't,p', 's,s']
i y	['d,t', 'p,s', 'b,t', 's,d', 'k,s', 'f,t', 'd,p', 'p,t', 'f,z', 'd,s', 'd,f', 'd,ʒ', 'k,t', 't,d', 'd,e', 's,f', 'f,s', 'd,ɡ', 't,t', 'ʒ,s', 'v,d', 's,k', 't,s', 'p,d', 's,p', 'b,s', 'd,d', 's,ʒ', 'd,v', 'f,k', 'k,p', 'f,ɡ', 'd,k', 's,i', 't,p', 's,ɡ', 'v,s', 's,b', 's,s']
ə y	['d,t', 's,d', 'k,s', 'd,p', 'p,t', 'f,z', 'd,s', 'd,f', 'd,ʒ', 'k,t', 'd,b', 's,f', 'd,ɡ', 'ʒ,s', 's,k', 's,p', 'd,d', 'b,z', 's,ʒ', 'd,v', 'k,p', 'd,k', 'd,ʃ', 's,s']
u y	['d,t', 'p,s', 't,e', 's,d', 'k,s', 'd,s', 'k,t', 'd,b', 't,d', 's,f', 't,t', 't,a', 'v,d', 't,s', 's,p', 'b,s', 'k,p', 't,p', 's,s']
y u	['d,t', 'p,s', 't,e', 's,d', 'k,s', 'd,s', 'k,t', 'd,b', 't,d', 's,f', 't,t', 't,a', 'v,d', 't,s', 's,p', 'b,s', 'k,p', 't,p', 's,s']
ɛ y	['d,t', 'p,s', 's,d', 'f,a', 'k,s', 'f,t', 'd,p', 'p,t', 'd,s', 'u,s', 't,d', 'f,s', 't,t', 'ʒ,s', 't,a', 'v,d', 's,k', 't,s', 's,p', 'b,s', 'd,d', 'd,v', 'ʃ,t', 'f,d', 'd,k', 't,p', 'p,i', 'v,s', 's,s']
ø y	['d,t', 'p,s', 'd,p', 'p,t', 'd,s', 'd,f', 's,k', 'd,i', 'p,d', 'd,k']
ɔ u	['p,s', 'd,s', 't,d', 'v,t', 'k,p', 'v,k', 't,p']
y o	['d,t', 'b,t', 's,d', 'f,a', 'k,s', 'f,t', 'd,s', 'd,f', 'k,t', 's,f', 'f,s', 'k,z', 't,a', 's,k', 't,s', 'f,d', 'k,p', 't,p', 's,s']
ɔ o	['k,s', 'z,p', 'e,d', 'v,t', 't,k', 'k,p', 'v,k', 't,p']
e ɛ	['d,t', 'p,s', 'œ̃,t', 'v,e', 'v,a', 'u,d', 's,d', 'k,s', 'ʒ,d', 'u,t', 'd,p', 'p,t', 'd,s', 't,v', 'z,p', 'z,t', 's,e', 's,a', 't,o', 't,d', 't,b', 's,ɛ', 't,t', 'i,s', 'ʒ,s', 's,t', 't,a', 'v,d', 's,k', 't,s', 'd,a', 'e,k', 'ɛ,t', 'v,p', 'p,d', 's,p', 'b,s', 'd,d', 'i,d', 'd,v', 'i,p', 't,k', 'z,d', 'd,k', 'v,k', 't,p', 'd,z', 'e,t', 'v,s', 'z,s', 's,b', 'a,t', 's,s']
u ɛ	['d,t', 'p,s', 'v,e', 'v,a', 's,d', 'k,s', 'ɡ,t', 'd,s', 't,f', 't,ʒ', 't,o', 'v,f', 't,d', 't,b', 'v,v', 't,t', 'v,ɛ', 's,t', 't,a', 'v,d', 't,s', 'v,t', 'v,p', 's,p', 'b,s', 'f,d', 'v,k', 't,p', 's,s']
y ɛ	['d,t', 'p,s', 's,d', 'f,a', 'k,s', 'f,t', 'd,p', 'p,t', 'd,s', 'u,s', 't,d', 'f,s', 't,t', 'ʒ,s', 't,a', 'v,d', 's,k', 't,s', 's,p', 'b,s', 'd,d', 'd,v', 'ʃ,t', 'f,d', 'd,k', 't,p', 'p,i', 'v,s', 's,s']
ə ɛ	['d,t', 's,d', 'k,s', 'ʒ,d', 'p,z', 'd,p', 'p,t', 'd,s', 's,ɛ', 'ʒ,s', 's,t', 's,k', 's,p', 'd,d', 'd,v', 'd,k', 's,s']
e ø	['d,t', 's,d', 'd,p', 'p,t', 'd,s', 'd,f', 'd,b', 'p,p', 'd,ɔ', 't,a', 's,k', 'd,a', 'v,p', 'd,i', 'p,d', 'd,k']
i ø	['d,t', 'p,k', 's,d', 'd,p', 'p,t', 'd,s', 'd,f', 'v,v', 's,k', 'd,a', 'v,p', 'p,d', 'f,d', 'd,k', 'v,b']
u ø	['d,t', 'p,s', 's,d', 'd,s', 'v,v', 't,a', 'v,p']
y ø	['d,t', 'p,s', 'd,p', 'p,t', 'd,s', 'd,f', 's,k', 'd,i', 'p,d', 'd,k']
ə ø	['d,t', 's,d', 'd,p', 'p,t', 'd,s', 'd,f', 'd,b', 'd,ɔ', 's,k', 'd,k']
o ɛ	['d,t', 'ʃ,z', 's,d', 'f,a', 'k,s', 'p,z', 'f,t', 'u,t', 'd,s', 't,f', 't,d', 'f,s', 't,a', 'k,k', 's,k', 't,s', 'v,t', 'ɛ,t', 'p,d', 'e,p', 'a,k', 'f,k', 'f,d', 't,k', 'z,d', 'v,k', 't,p', 'e,s', 's,s']
o y	['d,t', 'b,t', 's,d', 'f,a', 'k,s', 'f,t', 'd,s', 'd,f', 'k,t', 's,f', 'f,s', 'k,z', 't,a', 's,k', 't,s', 'f,d', 'k,p', 't,p', 's,s']
ɔ y	['p,s', 'k,s', 'p,t', 'd,s', 't,d', 'f,s', 's,k', 'k,p', 'd,k', 't,p']
a ɛ	['d,t', 'p,s', 'z,k', 'p,k', 'v,ʒ', 's,d', 's,œ̃', 'k,s', 'f,t', 'd,p', 'p,t', 'd,s', 'a,s', 't,ʒ', 'z,t', 's,a', 't,d', 't,b', 'i,v', 'f,s', 't,t', 't,\\xc9\\xb2', 'i,s', 'ʒ,s', 's,t', 'v,d', 's,k', 't,s', 'e,k', 'v,t', 'ɛ,t', 'v,p', 'p,d', 's,p', 'b,s', 'd,d', 'e,p', 'a,k', 'd,v', 'ʃ,t', 'f,k', 'i,p', 't,k', 'e,b', 'd,k', 'œ̃,s', 'v,k', 't,p', 'e,t', 'e,ɛ', 'v,s', 'z,s', 'e,s', 'ɛ,s', 's,s']
ø ɛ	['d,t', 'p,s', 'p,k', 's,d', 'd,p', 'p,t', 'd,s', 'v,v', 't,a', 's,k', 'v,p', 'p,d', 'f,d', 'd,k']
o ø	['d,t', 'd,f', 'p,d']
ɛ ø	['d,t', 'p,s', 'p,k', 's,d', 'd,p', 'p,t', 'd,s', 'v,v', 't,a', 's,k', 'v,p', 'p,d', 'f,d', 'd,k']
u ɔ	['p,s', 'd,s', 't,d', 'v,t', 'k,p', 'v,k', 't,p']
y ɔ	['p,s', 'k,s', 'p,t', 'd,s', 't,d', 'f,s', 's,k', 'k,p', 'd,k', 't,p']
ɛ ɔ	['p,s', 'p,k', 'k,s', 'd,s', 'z,p', 't,d', 'f,s', 's,k', 'e,k', 'v,t', 't,k', 'e,b', 'v,k', 't,p', 'p,ʃ', 'e,s', 's,s']
i ɔ	['p,s', 'p,k', 'b,t', 'k,s', 'p,t', 'd,s', 'k,t', 't,d', 't,b', 'f,s', 's,k', 'v,t', 't,k', 'k,p', 'd,k', 't,p', 's,s']
ɔ i	['p,s', 'p,k', 'b,t', 'k,s', 'p,t', 'd,s', 'k,t', 't,d', 't,b', 'f,s', 's,k', 'v,t', 't,k', 'k,p', 'd,k', 't,p', 's,s']
ø ɔ	['p,s', 'p,k', 'p,t', 'd,s', 's,k']
e ɔ	['p,s', 'k,s', 'p,t', 'd,s', 'e,f', 'z,p', 't,d', 'e,d', 's,k', 'e,k', 't,k', 'd,k', 'v,k', 't,p', 's,s']
ə ɔ	['k,s', 'p,t', 'd,s', 'k,t', 's,k', 'k,p', 'd,k', 's,s']
ɔ ɛ	['p,s', 'p,k', 'k,s', 'd,s', 'z,p', 't,d', 'f,s', 's,k', 'e,k', 'v,t', 't,k', 'e,b', 'v,k', 't,p', 'p,ʃ', 'e,s', 's,s']
l y	['f,a', 'ɡ,i', 'p,d', 'b,s', 's,i', 'p,i']
l ɛ	['i,s', 'ɛ,d', 'i,t', 'ɛ,t', 'b,s', 'i,d', 'e,a', 'i,p', 'e,ɛ', 'p,i', 'ɛ,s']
ɔ ø	['p,s', 'p,k', 'p,t', 'd,s', 's,k']
p ɡ	['ə,u', 'i,a', 'ɛ,ɛ', 'a,ɛ', 'ə,a', 'e,a', 'a,a']
s ɡ	['ə,u', 'i,a', 'i,e', 'ɛ,ɛ', 'a,ɛ', 'ə,a', 'e,a', 'a,a']
t ɡ	['ə,u', 'i,a', 'i,e', 'ɛ,ɛ', 'a,ɛ', 'ə,a', 'e,a', 'i,u', 'a,a']
v ɡ	['ə,u', 'i,a', 'i,e', 'a,ɛ', 'ə,a', 'e,a', 'i,u', 'a,a']
d ɡ	['ə,u', 'i,a', 'i,e', 'ɛ,ɛ', 'a,ɛ', 'e,a', 'a,a']
j k	['i,ɛ', 'ɛ,ɔ', 'i,a', 'a,e', 's,a', 'a,d', 'ɛ,i', 'i,e', 's,ɛ', 'ɛ,ɛ', 'ɛ,d', 'a,ɛ', 'ɛ,k', 'i,d', 'ɛ,a', 'i,ɔ', 'a,i', 'a,a', 's,ɔ', 'a,t']
j ɡ	['i,a', 'ɛ,ɛ', 'a,ɛ', 'a,a']
n ɡ	['ə,u', 'i,a', 'i,e', 'a,ɛ', 'ə,a', 'e,a', 'i,u', 'a,a']
ɡ n	['ə,u', 'i,a', 'i,e', 'a,ɛ', 'ə,a', 'e,a', 'i,u', 'a,a']
b ɡ	['ə,u', 'a,ɛ', 'ə,a', 'e,a', 'i,u', 'a,a']
f ɡ	['ə,u', 'i,e', 'ɛ,ɛ', 'a,ɛ', 'ə,a', 'e,a', 'a,a']
ɡ f	['ə,u', 'i,e', 'ɛ,ɛ', 'a,ɛ', 'ə,a', 'e,a', 'a,a']
ʒ ɡ	['ə,u', 'i,a', 'i,e', 'ə,a', 'œ̃,u', 'e,a', 'a,a']
j p	['i,ɛ', 'i,a', 'a,e', 's,e', 's,a', 'a,d', 'a,o', 's,ɛ', 'ɛ,ɛ', 'a,ɛ', 'a,œ', 'u,e', 'u,a', 'ɛ,a', 'a,i', 'ɛ,e', 'a,a', 's,ɔ', 'a,t']
j v	['i,ɛ', 'i,a', 'a,e', 'i,ø', 'i,e', 'ɛ,ɛ', 'a,ɛ', 'u,e', 'a,i', 'ɛ,e', 'a,a']
ɡ p	['ə,u', 'i,a', 'ɛ,ɛ', 'a,ɛ', 'ə,a', 'e,a', 'a,a']
ɡ s	['ə,u', 'i,a', 'i,e', 'ɛ,ɛ', 'a,ɛ', 'ə,a', 'e,a', 'a,a']
ɡ v	['ə,u', 'e,a', 'i,a', 'i,e', 'a,ɛ', 'ə,a', 'i,u', 'a,a']
ɡ d	['ə,u', 'i,a', 'i,e', 'ɛ,ɛ', 'a,ɛ', 'e,a', 'a,a']
ɡ b	['ə,u', 'e,a', 'a,ɛ', 'ə,a', 'i,u', 'a,a']
ɡ ʒ	['ə,u', 'i,a', 'i,e', 'ə,a', 'œ̃,u', 'e,a', 'a,a']
ʃ d	['i,ɛ', 'e,a', 'a,e', 'ɛ,i', 'i,e', 'ə,ɛ', 'o,a', 'a,ɛ', 'u,e', 'ɔ,ɛ', 'ɔ,e', 'ɛ,a', 'e,i', 'ə,e', 'ɛ,e', 'e,e', 'a,a']
i j	['ʒ,a', 's,a', 's,ɛ', 'v,ɛ', 'd,a', 'k,e', 'k,ɛ']
z j	['i,ɛ', 'ɛ,ɔ', 'i,a', 'a,e', 'i,e', 'ɛ,ɛ', 'a,ɛ', 'i,d', 'a,i', 'ɛ,e', 'a,a']
o l	['b,d', 'ɛ,t', 'a,t', 'b,k', 'ɛ,s']
u j	['t,e', 'v,a', 'v,ɛ']
ɛ d	['t,e', 't,i', 's,e', 's,ɛ', 'e,ɛ']
ɛ j	['t,e', 'v,a', 'z,ɛ', 's,e', 's,a', 's,ɛ', 'v,ɛ', 'ɛ,d', 'd,a', 'a,t']
f j	['i,ɛ', 'o,ø', 'ɛ,ɔ', 'i,a', 's,a', 'i,e', 's,ɛ', 'ɛ,ɛ', 'ɛ,d', 'a,ɛ', 'e,ø', 'ɛ,a', 'i,ɔ', 't,ɔ', 'a,i', 'a,a']
s u	['t,e', 'b,t', 'k,s', 'k,t', 'k,p', 'b,k']
j u	['t,e', 'v,a', 'v,ɛ']
u s	['t,e', 'b,t', 'k,s', 'k,t', 'k,p', 'b,k']
j ɛ	['t,e', 'v,a', 'z,ɛ', 's,e', 's,a', 's,ɛ', 'v,ɛ', 'ɛ,d', 'd,a', 'a,t']
d ɛ	['t,e', 't,i', 's,e', 's,ɛ', 'e,ɛ']
j w	['v,a', 'ʒ,a', 's,a', 'd,a', 'b,a']
w ɛ	['v,a', 'f,a', 's,a', 't,a', 'd,a']
p ɛ	['v,a', 'ɔ,t', 's,e', 's,a', 's,ɛ', 't,a', 'z,a', 'e,a', 'e,ɛ', 'a,t', 'ɛ,s']
w j	['v,a', 'ʒ,a', 's,a', 'd,a', 'b,a']
ɛ p	['v,a', 'ɔ,t', 's,e', 's,a', 's,ɛ', 't,a', 'z,a', 'e,a', 'e,ɛ', 'a,t', 'ɛ,s']
ɛ m	['ɔ,t', 's,ɛ', 'i,s', 't,a', 'ɛ,d', 'ɛ,t', 'a,k', 'e,a', 'e,ɛ', 'ɛ,s']
m ɛ	['ɔ,t', 's,ɛ', 'i,s', 't,a', 'ɛ,d', 'ɛ,t', 'a,k', 'e,a', 'e,ɛ', 'ɛ,s']
s o	['b,t', 'k,t', 't,a', 'k,k', 'ɛ,t', 'a,k', 'k,p', 't,p', 'a,t', 'b,k', 'ɛ,s']
o s	['b,t', 'k,t', 't,a', 'k,k', 'ɛ,t', 'a,k', 'k,p', 't,p', 'a,t', 'b,k', 'ɛ,s']
i s	['b,t', 'k,s', 'k,t', 'k,k', 'k,e', 'k,p', 'k,ɛ', 't,p']
p ʃ	['u,d', 'e,ɛ', 'e,a', 'i,a', 'a,e', 'u,ɛ', 'œ̃,ɛ', 'e,u', 'i,e', 'ə,ɛ', 'ə,o', 'o,a', 'a,ɛ', 'u,a', 'ə,a', 'ɛ,a', 'e,i', 'ɛ,e', 'e,e', 'a,a']
t ʃ	['u,d', 'i,ɛ', 'i,a', 'a,e', 'u,ɛ', 'œ̃,ɛ', 'e,u', 'ɛ,i', 'i,e', 'ə,ɛ', 'a,ɛ', 'u,e', 'u,a', 'ə,a', 'ɔ,ɛ', 'ɔ,e', 'e,a', 'e,i', 'ə,e', 'ɔ,a', 'ɛ,e', 'e,e', 'a,a']
ʁ ʃ	['u,d', 'e,ɛ', 'i,ɛ', 'ɔ,d', 'ɔ,s', 'ə,ə', 'e,a', 'a,e', 'u,ɛ', 'e,u', 'ɛ,i', 'i,e', 'u,k', 'ə,ɛ', 'ə,o', 'o,a', 'a,ɛ', 'u,e', 'u,a', 'ə,a', 'ɔ,ɛ', 'ɔ,e', 'ɛ,a', 'a,v', 'e,i', 'ə,e', 'ɔ,a', 'k,ɛ', 'ɛ,e', 'e,e', 'a,a', 'a,t']
t ɛ	['u,d', 's,d', 'k,s', 'u,s', 's,e', 's,a', 's,ɛ', 'i,s', 's,k', 'ɛ,d', 'ɛ,t', 's,p', 'i,d', 'e,a', 'e,ɛ', 'p,i', 'ɛ,s', 's,s']
k e	['s,d', 'i,k', 's,a', 's,ɛ', 'i,s', 't,a', 'i,t', 'ɛ,t', 'i,d', 'ɛ,v', 'ɛ,ʃ', 'a,t']
k i	['s,d', 's,a', 's,ɛ', 's,o', 's,i']
k ɛ	['s,d', 'a,s', 's,a', 's,ɛ', 'i,s', 't,a', 'i,t', 'ɛ,t', 'i,d', 'e,a', 'e,ɛ', 'a,t', 'ɛ,s']
t o	['s,d', 'ɛ,f', 'ɛ,s']
o t	['s,d', 'ɛ,f', 'ɛ,s']
t u	['s,d', 's,f', 'ʒ,e', 's,p', 's,s']
u t	['s,d', 's,f', 'ʒ,e', 's,p', 's,s']
a k	['s,d', 'i,ɛ', 'a,s', 'i,a', 'ɛ,p', 's,a', 'i,s', 'ɛ,ɛ', 'ɛ,d', 'i,t', 'ɛ,t', 'ɛ,k', 'i,d', 'ɛ,a', 'ɛ,v', 'e,ɛ', 'a,t', 'ɛ,s']
e k	['s,d', 'i,k', 's,a', 's,ɛ', 'i,s', 't,a', 'i,t', 'ɛ,t', 'i,d', 'ɛ,v', 'ɛ,ʃ', 'a,t']
i k	['s,d', 's,a', 's,ɛ', 's,o', 's,i']
k a	['s,d', 'i,ɛ', 'a,s', 'i,a', 'ɛ,p', 's,a', 'i,s', 'ɛ,ɛ', 'ɛ,d', 'i,t', 'ɛ,t', 'ɛ,k', 'i,d', 'ɛ,a', 'ɛ,v', 'e,ɛ', 'a,t', 'ɛ,s']
ɛ k	['s,d', 'a,s', 's,a', 's,ɛ', 'i,s', 't,a', 'i,t', 'ɛ,t', 'i,d', 'e,a', 'e,ɛ', 'a,t', 'ɛ,s']
ɡ ʁ	['i,a', 'i,e', 'ɛ,ɛ', 'a,ɛ', 'ə,a', 'e,a', 'a,a']
y w	['f,a', 's,a', 't,a', 'd,a']
m o	['t,a', 'ɛ,t', 'a,k']
w y	['f,a', 's,a', 't,a', 'd,a']
o p	['t,a', 'ɛ,t', 'a,t', 'ɛ,s']
o k	['a,s', 't,a', 'ɛ,t', 'a,t', 'ɛ,s']
s ə	['k,s', 'k,t', 'k,k', 'k,e', 'k,p', 'k,ɛ']
s ɛ	['k,s', 'u,t', 'u,s', 'k,k', 'ɛ,d', 'i,t', 'ɛ,t', 'a,k', 'i,p', 't,p', 'e,ɛ', 'a,t']
o ɔ	['k,s', 'z,p', 'e,d', 'v,t', 't,k', 'k,p', 'v,k', 't,p']
ə s	['k,s', 'k,t', 'k,k', 'k,e', 'k,p', 'k,ɛ']
ɛ s	['k,s', 'u,t', 'u,s', 'k,k', 'ɛ,d', 'i,t', 'ɛ,t', 'a,k', 'i,p', 't,p', 'e,ɛ', 'a,t']
l ʃ	['e,ɛ', 'i,ɛ', 'ə,ə', 'e,a', 'i,a', 'a,e', 'u,ɛ', 'ɛ,i', 'i,e', 'ə,ɛ', 'ə,o', 'a,ɛ', 'u,e', 'u,a', 'ə,a', 'ɔ,ɛ', 'ɔ,e', 'ɛ,a', 'e,i', 'ɛ,œ', 'k,ɛ', 'ɛ,e', 'e,e', 'a,a']
f ʃ	['e,ɛ', 'u,ɛ', 'i,e', 'ə,ɛ', 'ə,o', 'a,ɛ', 'ə,a', 'ɔ,ɛ', 'e,a', 'e,i', 'a,a']
k ʃ	['e,ɛ', 'i,ɛ', 'ə,ə', 'e,a', 'i,a', 'œ̃,a', 'a,e', 'u,ɛ', 'e,u', 'i,e', 'ə,ɛ', 'o,a', 'a,ɛ', 'ə,a', 'ɔ,e', 'ɛ,a', 'e,i', 'ɔ,a', 'a,a', 'a,t']
a v	['i,ɛ', 'a,s', 'i,a', 'ɛ,p', 'ɛ,ɛ', 'i,d', 'e,ɛ']
d ʃ	['i,ɛ', 'e,a', 'a,e', 'ɛ,i', 'i,e', 'ə,ɛ', 'o,a', 'a,ɛ', 'u,e', 'ɔ,ɛ', 'ɔ,e', 'ɛ,a', 'e,i', 'ə,e', 'ɛ,e', 'e,e', 'a,a']
m ʃ	['i,ɛ', 'ɔ,d', 'ə,ə', 'i,a', 'œ̃,a', 'a,e', 'ɛ,i', 'ə,ɛ', 'o,a', 'a,ɛ', 'u,a', 'ə,a', 'ɔ,ɛ', 'ɔ,e', 'ɛ,a', 'e,a', 'e,i', 'ə,e', 'ɔ,a', 'ɛ,e', 'e,e', 'a,a']
n ʃ	['i,ɛ', 'ɔ,s', 'ə,ə', 'e,a', 'i,a', 'a,e', 'e,u', 'ɛ,i', 'i,e', 'ə,ɛ', 'ə,o', 'ə,a', 'ɔ,ɛ', 'ɔ,e', 'ɛ,a', 'e,i', 'ɔ,a', 'ɛ,e', 'e,e', 'a,a']
s ʃ	['i,ɛ', 'ə,ə', 'i,a', 'a,e', 'u,ɛ', 'œ̃,ɛ', 'e,u', 'ɛ,i', 'i,e', 'ə,ɛ', 'ə,o', 'o,a', 'a,ɛ', 'u,e', 'u,a', 'ə,a', 'ɔ,ɛ', 'ɔ,e', 'ɛ,a', 'e,i', 'ə,e', 'ɛ,œ', 'k,ɛ', 'ɛ,e', 'e,e', 'a,a', 'a,t']
z ʃ	['i,ɛ', 'i,a', 'a,e', 'ɛ,i', 'i,e', 'ə,ɛ', 'ɛ,a', 'e,a', 'e,i', 'ɛ,e', 'a,a']
ɡ ʃ	['i,a', 'a,ɛ', 'ə,a', 'e,a', 'a,a']
v ʃ	['i,ɛ', 'ə,ə', 'e,a', 'i,a', 'a,e', 'u,ɛ', 'e,u', 'ɛ,i', 'i,e', 'ə,ɛ', 'ə,o', 'o,a', 'a,ɛ', 'u,e', 'ə,a', 'e,i', 'ɛ,e', 'e,e', 'a,a']
ʃ v	['i,ɛ', 'ə,ə', 'e,a', 'i,a', 'a,e', 'u,ɛ', 'e,u', 'ɛ,i', 'i,e', 'ə,ɛ', 'ə,o', 'o,a', 'a,ɛ', 'u,e', 'ə,a', 'e,i', 'ɛ,e', 'e,e', 'a,a']
j ʃ	['i,ɛ', 'i,a', 'a,e', 'a,ɛ', 'u,e', 'u,a', 'ɛ,œ', 'k,ɛ', 'ɛ,e', 'a,a']
a n	['i,ɛ', 'i,a', 'ɛ,p', 'ɛ,ɛ', 'ɛ,d', 'ɛ,t', 'k,u', 'v,i', 'ɛ,k', 'ɛ,a', 'ɛ,v', 'ɛ,s']
j f	['i,ɛ', 'o,ø', 'ɛ,ɔ', 'i,a', 's,a', 'i,e', 's,ɛ', 'ɛ,ɛ', 'ɛ,d', 'a,ɛ', 'e,ø', 'ɛ,a', 'i,ɔ', 't,ɔ', 'a,i', 'a,a']
a p	['i,ɛ', 'i,a', 's,a', 'a,d', 's,ɛ', 'ɛ,t', 'ɛ,a', 'e,ɛ', 'ɛ,s']
n a	['i,ɛ', 'i,a', 'ɛ,p', 'ɛ,ɛ', 'ɛ,d', 'ɛ,t', 'k,u', 'v,i', 'ɛ,k', 'ɛ,a', 'ɛ,v', 'ɛ,s']
v a	['i,ɛ', 'a,s', 'i,a', 'ɛ,p', 'ɛ,ɛ', 'i,d', 'e,ɛ']
v j	['i,ɛ', 'i,a', 'a,e', 'i,ø', 'i,e', 'ɛ,ɛ', 'a,ɛ', 'u,e', 'a,i', 'ɛ,e', 'a,a']
z a	['i,ɛ', 'i,a', 'i,d', 'i,p', 'e,ɛ']
ʒ a	['i,ɛ', 'a,s', 'a,d', 'a,t']
ʒ j	['i,ɛ', 'a,e', 's,e', 'a,d', 'a,ɛ', 'a,œ', 'ɛ,a', 'a,i', 'a,a', 'a,t']
ʃ j	['i,ɛ', 'i,a', 'a,e', 'a,ɛ', 'u,e', 'u,a', 'ɛ,œ', 'k,ɛ', 'ɛ,e', 'a,a']
f a	['i,ɛ', 'ɛ,ɛ', 'e,ɛ']
ɡ z	['i,a', 'i,e', 'ɛ,ɛ', 'a,ɛ', 'e,a', 'a,a']
ʃ z	['i,ɛ', 'i,a', 'a,e', 'ɛ,i', 'i,e', 'ə,ɛ', 'ɛ,a', 'e,a', 'e,i', 'ɛ,e', 'a,a']
a z	['i,ɛ', 'i,a', 'i,d', 'i,p', 'e,ɛ']
j z	['i,ɛ', 'ɛ,ɔ', 'i,a', 'a,e', 'i,e', 'ɛ,ɛ', 'a,ɛ', 'i,d', 'a,i', 'ɛ,e', 'a,a']
j ʒ	['i,ɛ', 'a,e', 's,e', 'a,d', 'a,ɛ', 'a,œ', 'ɛ,a', 'a,i', 'a,a', 'a,t']
b z	['i,ɛ', 'o,a', 'a,ɛ', 'e,a', 'e,i', 'ə,ɔ', 'a,ɔ', 'a,i', 'a,a']
j b	['i,ɛ', 'i,a', 'ɛ,ɛ', 'a,ɛ', 'ɛ,a', 'a,i', 'a,a']
z b	['i,ɛ', 'o,a', 'a,ɛ', 'e,a', 'e,i', 'ə,ɔ', 'a,ɔ', 'a,i', 'a,a']
b ʃ	['ɔ,s', 'ə,ɛ', 'a,ɛ', 'ə,a', 'ɔ,ɛ', 'ɔ,e', 'e,a', 'e,i', 'ə,e', 'ɔ,a', 'a,a']
ʒ ʃ	['a,e', 'e,u', 'i,e', 'ə,ɛ', 'a,ɛ', 'u,e', 'ə,a', 'ɔ,e', 'ɛ,a', 'e,a', 'e,i', 'ə,e', 'e,ə', 'e,e', 'a,a']
j i	['ʒ,a', 's,a', 's,ɛ', 'v,ɛ', 'd,a', 'k,e', 'k,ɛ']
ø w	['t,a', 'd,a', 'p,a']
l o	['b,d', 'ɛ,t', 'a,t', 'b,k', 'ɛ,s']
ʁ o	['u,t', 'd,s', 'a,s', 't,f', 't,d', 't,a', 't,s', 'ɛ,t', 'a,k', 't,k', 'ɛ,f', 'v,k', 't,p', 'a,t', 'ɛ,s']
ʃ b	['ɔ,s', 'ə,ɛ', 'a,ɛ', 'ə,a', 'ɔ,ɛ', 'ɔ,e', 'e,a', 'e,i', 'ə,e', 'ɔ,a', 'a,a']
z e	['i,d', 'i,p', 'ø,t']
y y	['d,p', 'd,s', 'd,f', 'd,d', 'd,k']
a a	['k,b', 't,ʃ', 'v,t', 'e,t']
k o	['a,s', 't,a', 'ɛ,t', 'a,t', 'ɛ,s']
ɔ s	['ɛ,p', 'k,t', 'i,t', 'k,p', 't,p']
e z	['i,d', 'i,p', 'ø,t']
ʃ ɡ	['i,a', 'a,ɛ', 'ə,a', 'e,a', 'a,a']
ʁ ɡ	['i,a', 'i,e', 'ɛ,ɛ', 'a,ɛ', 'ə,a', 'e,a', 'a,a']
z ɡ	['i,a', 'i,e', 'ɛ,ɛ', 'a,ɛ', 'e,a', 'a,a']
ɡ j	['i,a', 'ɛ,ɛ', 'a,ɛ', 'a,a']
s ɔ	['ɛ,p', 'k,t', 'i,t', 'k,p', 't,p']
ɲ m	['a,d', 'ɛ,d', 'a,i']
y p	['s,a', 's,ɛ', 't,a', 's,i']
y k	['s,a', 't,a', 'd,i', 's,i']
k y	['s,a', 't,a', 'd,i', 's,i']
y f	['s,a', 's,ɛ', 't,a']
ə j	['d,ɔ', 's,ɛ', 'k,e']
ɲ j	['a,d', 'i,d', 'a,i']
j ɲ	['a,d', 'i,d', 'a,i']
m ɲ	['a,d', 'ɛ,d', 'a,i']
j ə	['d,ɔ', 's,ɛ', 'k,e']
d i	['s,ɛ', 'ʒ,e', 'k,e']
f ɛ	['s,ɛ', 't,a', 'e,a', 'e,ɛ']
ɛ f	['s,ɛ', 't,a', 'e,a', 'e,ɛ']
i d	['s,ɛ', 'ʒ,e', 'k,e']
p o	['t,a', 'ɛ,t', 'a,t', 'ɛ,s']
o m	['t,a', 'ɛ,t', 'a,k']
w ø	['t,a', 'd,a', 'p,a']
ʃ a	['u,k', 'ɛ,a', 'a,t']
a ʃ	['u,k', 'ɛ,a', 'a,t']
z ɛ	['i,d', 'i,p', 'e,ɛ']
ɛ z	['i,d', 'i,p', 'e,ɛ']
